club_name,transfer_movement,fee_cleaned,league_name,year,season,country
Bayern Munich,in,37.0,1 Bundesliga,2013,2013/2014,Germany
Bayern Munich,in,25.0,1 Bundesliga,2013,2013/2014,Germany
Bayern Munich,in,0.0,1 Bundesliga,2013,2013/2014,Germany
Borussia Dortmund,in,27.5,1 Bundesliga,2013,2013/2014,Germany
Borussia Dortmund,in,13.0,1 Bundesliga,2013,2013/2014,Germany
Borussia Dortmund,in,9.9,1 Bundesliga,2013,2013/2014,Germany
Bayer 04 Leverkusen,in,12.5,1 Bundesliga,2013,2013/2014,Germany
Bayer 04 Leverkusen,in,5.0,1 Bundesliga,2013,2013/2014,Germany
Bayer 04 Leverkusen,in,3.0,1 Bundesliga,2013,2013/2014,Germany
Bayer 04 Leverkusen,in,1.5,1 Bundesliga,2013,2013/2014,Germany
Bayer 04 Leverkusen,in,0.5,1 Bundesliga,2013,2013/2014,Germany
Bayer 04 Leverkusen,in,0.5,1 Bundesliga,2013,2013/2014,Germany
Bayer 04 Leverkusen,in,0.4,1 Bundesliga,2013,2013/2014,Germany
Bayer 04 Leverkusen,in,0.0,1 Bundesliga,2013,2013/2014,Germany
Bayer 04 Leverkusen,in,0.0,1 Bundesliga,2013,2013/2014,Germany
Bayer 04 Leverkusen,in,0.0,1 Bundesliga,2013,2013/2014,Germany
FC Schalke 04,in,10.0,1 Bundesliga,2013,2013/2014,Germany
FC Schalke 04,in,8.0,1 Bundesliga,2013,2013/2014,Germany
FC Schalke 04,in,3.25,1 Bundesliga,2013,2013/2014,Germany
FC Schalke 04,in,2.8,1 Bundesliga,2013,2013/2014,Germany
FC Schalke 04,in,1.0,1 Bundesliga,2013,2013/2014,Germany
FC Schalke 04,in,0.5,1 Bundesliga,2013,2013/2014,Germany
SC Freiburg,in,4.0,1 Bundesliga,2013,2013/2014,Germany
SC Freiburg,in,1.1,1 Bundesliga,2013,2013/2014,Germany
SC Freiburg,in,0.4,1 Bundesliga,2013,2013/2014,Germany
SC Freiburg,in,0.3,1 Bundesliga,2013,2013/2014,Germany
SC Freiburg,in,0.2,1 Bundesliga,2013,2013/2014,Germany
SC Freiburg,in,0.2,1 Bundesliga,2013,2013/2014,Germany
SC Freiburg,in,0.0,1 Bundesliga,2013,2013/2014,Germany
SC Freiburg,in,0.0,1 Bundesliga,2013,2013/2014,Germany
SC Freiburg,in,0.03,1 Bundesliga,2013,2013/2014,Germany
Eintracht Frankfurt,in,3.2,1 Bundesliga,2013,2013/2014,Germany
Eintracht Frankfurt,in,2.0,1 Bundesliga,2013,2013/2014,Germany
Eintracht Frankfurt,in,0.8,1 Bundesliga,2013,2013/2014,Germany
Eintracht Frankfurt,in,0.5,1 Bundesliga,2013,2013/2014,Germany
Eintracht Frankfurt,in,0.5,1 Bundesliga,2013,2013/2014,Germany
Eintracht Frankfurt,in,0.4,1 Bundesliga,2013,2013/2014,Germany
Eintracht Frankfurt,in,0.075,1 Bundesliga,2013,2013/2014,Germany
Eintracht Frankfurt,in,0.0,1 Bundesliga,2013,2013/2014,Germany
Eintracht Frankfurt,in,0.0,1 Bundesliga,2013,2013/2014,Germany
Eintracht Frankfurt,in,0.0,1 Bundesliga,2013,2013/2014,Germany
Hamburger SV,in,1.4,1 Bundesliga,2013,2013/2014,Germany
Hamburger SV,in,0.6,1 Bundesliga,2013,2013/2014,Germany
Hamburger SV,in,0.35,1 Bundesliga,2013,2013/2014,Germany
Hamburger SV,in,0.0,1 Bundesliga,2013,2013/2014,Germany
Borussia Mönchengladbach,in,5.0,1 Bundesliga,2013,2013/2014,Germany
Borussia Mönchengladbach,in,2.5,1 Bundesliga,2013,2013/2014,Germany
Borussia Mönchengladbach,in,0.2,1 Bundesliga,2013,2013/2014,Germany
Borussia Mönchengladbach,in,0.2,1 Bundesliga,2013,2013/2014,Germany
Hannover 96,in,2.8,1 Bundesliga,2013,2013/2014,Germany
Hannover 96,in,2.75,1 Bundesliga,2013,2013/2014,Germany
Hannover 96,in,2.5,1 Bundesliga,2013,2013/2014,Germany
Hannover 96,in,2.0,1 Bundesliga,2013,2013/2014,Germany
Hannover 96,in,0.0,1 Bundesliga,2013,2013/2014,Germany
Hannover 96,in,0.0,1 Bundesliga,2013,2013/2014,Germany
1.FC Nuremberg,in,2.5,1 Bundesliga,2013,2013/2014,Germany
1.FC Nuremberg,in,2.2,1 Bundesliga,2013,2013/2014,Germany
1.FC Nuremberg,in,1.5,1 Bundesliga,2013,2013/2014,Germany
1.FC Nuremberg,in,0.12,1 Bundesliga,2013,2013/2014,Germany
1.FC Nuremberg,in,0.0,1 Bundesliga,2013,2013/2014,Germany
1.FC Nuremberg,in,0.0,1 Bundesliga,2013,2013/2014,Germany
1.FC Nuremberg,in,0.0,1 Bundesliga,2013,2013/2014,Germany
VfL Wolfsburg,in,16.0,1 Bundesliga,2013,2013/2014,Germany
VfL Wolfsburg,in,6.0,1 Bundesliga,2013,2013/2014,Germany
VfL Wolfsburg,in,4.5,1 Bundesliga,2013,2013/2014,Germany
VfL Wolfsburg,in,1.7,1 Bundesliga,2013,2013/2014,Germany
VfL Wolfsburg,in,0.4,1 Bundesliga,2013,2013/2014,Germany
VfL Wolfsburg,in,0.0,1 Bundesliga,2013,2013/2014,Germany
VfB Stuttgart,in,3.5,1 Bundesliga,2013,2013/2014,Germany
VfB Stuttgart,in,1.2,1 Bundesliga,2013,2013/2014,Germany
VfB Stuttgart,in,1.0,1 Bundesliga,2013,2013/2014,Germany
VfB Stuttgart,in,0.5,1 Bundesliga,2013,2013/2014,Germany
VfB Stuttgart,in,0.0,1 Bundesliga,2013,2013/2014,Germany
VfB Stuttgart,in,0.0,1 Bundesliga,2013,2013/2014,Germany
VfB Stuttgart,in,0.0,1 Bundesliga,2013,2013/2014,Germany
VfB Stuttgart,in,0.0,1 Bundesliga,2013,2013/2014,Germany
VfB Stuttgart,in,0.0,1 Bundesliga,2013,2013/2014,Germany
1.FSV Mainz 05,in,1.5,1 Bundesliga,2013,2013/2014,Germany
1.FSV Mainz 05,in,1.5,1 Bundesliga,2013,2013/2014,Germany
1.FSV Mainz 05,in,1.15,1 Bundesliga,2013,2013/2014,Germany
1.FSV Mainz 05,in,0.9,1 Bundesliga,2013,2013/2014,Germany
1.FSV Mainz 05,in,0.75,1 Bundesliga,2013,2013/2014,Germany
1.FSV Mainz 05,in,0.6,1 Bundesliga,2013,2013/2014,Germany
1.FSV Mainz 05,in,0.0,1 Bundesliga,2013,2013/2014,Germany
SV Werder Bremen,in,3.0,1 Bundesliga,2013,2013/2014,Germany
SV Werder Bremen,in,3.0,1 Bundesliga,2013,2013/2014,Germany
SV Werder Bremen,in,2.25,1 Bundesliga,2013,2013/2014,Germany
SV Werder Bremen,in,0.5,1 Bundesliga,2013,2013/2014,Germany
SV Werder Bremen,in,0.0,1 Bundesliga,2013,2013/2014,Germany
FC Augsburg,in,2.0,1 Bundesliga,2013,2013/2014,Germany
FC Augsburg,in,1.5,1 Bundesliga,2013,2013/2014,Germany
FC Augsburg,in,0.3,1 Bundesliga,2013,2013/2014,Germany
FC Augsburg,in,0.2,1 Bundesliga,2013,2013/2014,Germany
FC Augsburg,in,0.15,1 Bundesliga,2013,2013/2014,Germany
FC Augsburg,in,0.0,1 Bundesliga,2013,2013/2014,Germany
FC Augsburg,in,0.0,1 Bundesliga,2013,2013/2014,Germany
TSG 1899 Hoffenheim,in,3.0,1 Bundesliga,2013,2013/2014,Germany
TSG 1899 Hoffenheim,in,3.0,1 Bundesliga,2013,2013/2014,Germany
TSG 1899 Hoffenheim,in,1.5,1 Bundesliga,2013,2013/2014,Germany
TSG 1899 Hoffenheim,in,1.4,1 Bundesliga,2013,2013/2014,Germany
TSG 1899 Hoffenheim,in,1.0,1 Bundesliga,2013,2013/2014,Germany
Hertha BSC,in,1.0,1 Bundesliga,2013,2013/2014,Germany
Hertha BSC,in,0.3,1 Bundesliga,2013,2013/2014,Germany
Hertha BSC,in,0.0,1 Bundesliga,2013,2013/2014,Germany
Hertha BSC,in,0.0,1 Bundesliga,2013,2013/2014,Germany
Hertha BSC,in,0.0,1 Bundesliga,2013,2013/2014,Germany
Eintracht Braunschweig,in,0.5,1 Bundesliga,2013,2013/2014,Germany
Eintracht Braunschweig,in,0.5,1 Bundesliga,2013,2013/2014,Germany
Eintracht Braunschweig,in,0.4,1 Bundesliga,2013,2013/2014,Germany
Eintracht Braunschweig,in,0.15,1 Bundesliga,2013,2013/2014,Germany
Eintracht Braunschweig,in,0.0,1 Bundesliga,2013,2013/2014,Germany
Eintracht Braunschweig,in,0.0,1 Bundesliga,2013,2013/2014,Germany
Eintracht Braunschweig,in,0.0,1 Bundesliga,2013,2013/2014,Germany
Borussia Dortmund,in,2.2,1 Bundesliga,2013,2013/2014,Germany
Bayer 04 Leverkusen,in,1.0,1 Bundesliga,2013,2013/2014,Germany
Bayer 04 Leverkusen,in,0.5,1 Bundesliga,2013,2013/2014,Germany
Bayer 04 Leverkusen,in,0.075,1 Bundesliga,2013,2013/2014,Germany
FC Schalke 04,in,0.5,1 Bundesliga,2013,2013/2014,Germany
SC Freiburg,in,0.7,1 Bundesliga,2013,2013/2014,Germany
Hannover 96,in,0.3,1 Bundesliga,2013,2013/2014,Germany
Hannover 96,in,0.15,1 Bundesliga,2013,2013/2014,Germany
1.FC Nuremberg,in,1.0,1 Bundesliga,2013,2013/2014,Germany
VfL Wolfsburg,in,22.0,1 Bundesliga,2013,2013/2014,Germany
VfB Stuttgart,in,1.0,1 Bundesliga,2013,2013/2014,Germany
1.FSV Mainz 05,in,5.0,1 Bundesliga,2013,2013/2014,Germany
1.FSV Mainz 05,in,2.8,1 Bundesliga,2013,2013/2014,Germany
1.FSV Mainz 05,in,0.0,1 Bundesliga,2013,2013/2014,Germany
SV Werder Bremen,in,1.5,1 Bundesliga,2013,2013/2014,Germany
FC Augsburg,in,0.25,1 Bundesliga,2013,2013/2014,Germany
FC Augsburg,in,0.15,1 Bundesliga,2013,2013/2014,Germany
TSG 1899 Hoffenheim,in,0.0,1 Bundesliga,2013,2013/2014,Germany
Hertha BSC,in,0.0,1 Bundesliga,2013,2013/2014,Germany
Eintracht Braunschweig,in,0.25,1 Bundesliga,2013,2013/2014,Germany
Bayern Munich,in,28.0,1 Bundesliga,2014,2014/2015,Germany
Bayern Munich,in,10.0,1 Bundesliga,2014,2014/2015,Germany
Bayern Munich,in,9.0,1 Bundesliga,2014,2014/2015,Germany
Bayern Munich,in,3.0,1 Bundesliga,2014,2014/2015,Germany
Bayern Munich,in,3.0,1 Bundesliga,2014,2014/2015,Germany
Bayern Munich,in,0.4,1 Bundesliga,2014,2014/2015,Germany
Bayern Munich,in,0.0,1 Bundesliga,2014,2014/2015,Germany
Bayern Munich,in,0.0,1 Bundesliga,2014,2014/2015,Germany
Borussia Dortmund,in,18.5,1 Bundesliga,2014,2014/2015,Germany
Borussia Dortmund,in,10.0,1 Bundesliga,2014,2014/2015,Germany
Borussia Dortmund,in,9.7,1 Bundesliga,2014,2014/2015,Germany
Borussia Dortmund,in,8.0,1 Bundesliga,2014,2014/2015,Germany
Borussia Dortmund,in,7.0,1 Bundesliga,2014,2014/2015,Germany
Borussia Dortmund,in,0.0,1 Bundesliga,2014,2014/2015,Germany
FC Schalke 04,in,2.5,1 Bundesliga,2014,2014/2015,Germany
FC Schalke 04,in,1.9,1 Bundesliga,2014,2014/2015,Germany
FC Schalke 04,in,0.0,1 Bundesliga,2014,2014/2015,Germany
FC Schalke 04,in,0.0,1 Bundesliga,2014,2014/2015,Germany
FC Schalke 04,in,0.0,1 Bundesliga,2014,2014/2015,Germany
Bayer 04 Leverkusen,in,15.25,1 Bundesliga,2014,2014/2015,Germany
Bayer 04 Leverkusen,in,6.8,1 Bundesliga,2014,2014/2015,Germany
Bayer 04 Leverkusen,in,6.5,1 Bundesliga,2014,2014/2015,Germany
Bayer 04 Leverkusen,in,1.0,1 Bundesliga,2014,2014/2015,Germany
Bayer 04 Leverkusen,in,1.0,1 Bundesliga,2014,2014/2015,Germany
Bayer 04 Leverkusen,in,0.255,1 Bundesliga,2014,2014/2015,Germany
Bayer 04 Leverkusen,in,0.0,1 Bundesliga,2014,2014/2015,Germany
VfL Wolfsburg,in,6.8,1 Bundesliga,2014,2014/2015,Germany
VfL Wolfsburg,in,2.5,1 Bundesliga,2014,2014/2015,Germany
VfL Wolfsburg,in,0.75,1 Bundesliga,2014,2014/2015,Germany
VfL Wolfsburg,in,0.0,1 Bundesliga,2014,2014/2015,Germany
VfL Wolfsburg,in,0.0,1 Bundesliga,2014,2014/2015,Germany
Borussia Mönchengladbach,in,9.0,1 Bundesliga,2014,2014/2015,Germany
Borussia Mönchengladbach,in,2.25,1 Bundesliga,2014,2014/2015,Germany
Borussia Mönchengladbach,in,1.5,1 Bundesliga,2014,2014/2015,Germany
Borussia Mönchengladbach,in,0.0,1 Bundesliga,2014,2014/2015,Germany
Borussia Mönchengladbach,in,0.0,1 Bundesliga,2014,2014/2015,Germany
1.FSV Mainz 05,in,2.25,1 Bundesliga,2014,2014/2015,Germany
1.FSV Mainz 05,in,2.2,1 Bundesliga,2014,2014/2015,Germany
1.FSV Mainz 05,in,1.5,1 Bundesliga,2014,2014/2015,Germany
1.FSV Mainz 05,in,1.2,1 Bundesliga,2014,2014/2015,Germany
1.FSV Mainz 05,in,0.5,1 Bundesliga,2014,2014/2015,Germany
1.FSV Mainz 05,in,0.4,1 Bundesliga,2014,2014/2015,Germany
1.FSV Mainz 05,in,0.25,1 Bundesliga,2014,2014/2015,Germany
1.FSV Mainz 05,in,0.2,1 Bundesliga,2014,2014/2015,Germany
1.FSV Mainz 05,in,0.0,1 Bundesliga,2014,2014/2015,Germany
FC Augsburg,in,4.0,1 Bundesliga,2014,2014/2015,Germany
FC Augsburg,in,2.5,1 Bundesliga,2014,2014/2015,Germany
FC Augsburg,in,1.6,1 Bundesliga,2014,2014/2015,Germany
FC Augsburg,in,1.3,1 Bundesliga,2014,2014/2015,Germany
FC Augsburg,in,1.0,1 Bundesliga,2014,2014/2015,Germany
FC Augsburg,in,0.05,1 Bundesliga,2014,2014/2015,Germany
FC Augsburg,in,0.0,1 Bundesliga,2014,2014/2015,Germany
TSG 1899 Hoffenheim,in,6.0,1 Bundesliga,2014,2014/2015,Germany
TSG 1899 Hoffenheim,in,5.5,1 Bundesliga,2014,2014/2015,Germany
TSG 1899 Hoffenheim,in,3.9,1 Bundesliga,2014,2014/2015,Germany
TSG 1899 Hoffenheim,in,1.9,1 Bundesliga,2014,2014/2015,Germany
TSG 1899 Hoffenheim,in,1.0,1 Bundesliga,2014,2014/2015,Germany
TSG 1899 Hoffenheim,in,0.5,1 Bundesliga,2014,2014/2015,Germany
TSG 1899 Hoffenheim,in,0.4,1 Bundesliga,2014,2014/2015,Germany
Hannover 96,in,5.0,1 Bundesliga,2014,2014/2015,Germany
Hannover 96,in,4.3,1 Bundesliga,2014,2014/2015,Germany
Hannover 96,in,1.5,1 Bundesliga,2014,2014/2015,Germany
Hannover 96,in,0.0,1 Bundesliga,2014,2014/2015,Germany
Hannover 96,in,0.0,1 Bundesliga,2014,2014/2015,Germany
Hannover 96,in,0.0,1 Bundesliga,2014,2014/2015,Germany
Hannover 96,in,0.0,1 Bundesliga,2014,2014/2015,Germany
Hannover 96,in,0.0,1 Bundesliga,2014,2014/2015,Germany
Hannover 96,in,0.0,1 Bundesliga,2014,2014/2015,Germany
Hannover 96,in,0.0,1 Bundesliga,2014,2014/2015,Germany
Hertha BSC,in,4.0,1 Bundesliga,2014,2014/2015,Germany
Hertha BSC,in,2.5,1 Bundesliga,2014,2014/2015,Germany
Hertha BSC,in,1.8,1 Bundesliga,2014,2014/2015,Germany
Hertha BSC,in,1.5,1 Bundesliga,2014,2014/2015,Germany
Hertha BSC,in,1.5,1 Bundesliga,2014,2014/2015,Germany
Hertha BSC,in,1.3,1 Bundesliga,2014,2014/2015,Germany
Hertha BSC,in,0.9,1 Bundesliga,2014,2014/2015,Germany
Hertha BSC,in,0.5,1 Bundesliga,2014,2014/2015,Germany
Hertha BSC,in,0.5,1 Bundesliga,2014,2014/2015,Germany
Hertha BSC,in,0.0,1 Bundesliga,2014,2014/2015,Germany
SV Werder Bremen,in,1.5,1 Bundesliga,2014,2014/2015,Germany
SV Werder Bremen,in,0.1,1 Bundesliga,2014,2014/2015,Germany
SV Werder Bremen,in,0.0,1 Bundesliga,2014,2014/2015,Germany
SV Werder Bremen,in,0.0,1 Bundesliga,2014,2014/2015,Germany
SV Werder Bremen,in,0.0,1 Bundesliga,2014,2014/2015,Germany
Eintracht Frankfurt,in,3.2,1 Bundesliga,2014,2014/2015,Germany
Eintracht Frankfurt,in,1.5,1 Bundesliga,2014,2014/2015,Germany
Eintracht Frankfurt,in,1.0,1 Bundesliga,2014,2014/2015,Germany
Eintracht Frankfurt,in,0.8,1 Bundesliga,2014,2014/2015,Germany
Eintracht Frankfurt,in,0.0,1 Bundesliga,2014,2014/2015,Germany
Eintracht Frankfurt,in,0.0,1 Bundesliga,2014,2014/2015,Germany
Eintracht Frankfurt,in,0.0,1 Bundesliga,2014,2014/2015,Germany
Eintracht Frankfurt,in,0.0,1 Bundesliga,2014,2014/2015,Germany
SC Freiburg,in,6.0,1 Bundesliga,2014,2014/2015,Germany
SC Freiburg,in,1.8,1 Bundesliga,2014,2014/2015,Germany
SC Freiburg,in,1.5,1 Bundesliga,2014,2014/2015,Germany
SC Freiburg,in,1.2,1 Bundesliga,2014,2014/2015,Germany
SC Freiburg,in,1.0,1 Bundesliga,2014,2014/2015,Germany
SC Freiburg,in,0.8,1 Bundesliga,2014,2014/2015,Germany
SC Freiburg,in,0.35,1 Bundesliga,2014,2014/2015,Germany
SC Freiburg,in,0.0,1 Bundesliga,2014,2014/2015,Germany
VfB Stuttgart,in,6.0,1 Bundesliga,2014,2014/2015,Germany
VfB Stuttgart,in,2.5,1 Bundesliga,2014,2014/2015,Germany
VfB Stuttgart,in,1.45,1 Bundesliga,2014,2014/2015,Germany
VfB Stuttgart,in,0.25,1 Bundesliga,2014,2014/2015,Germany
VfB Stuttgart,in,0.0,1 Bundesliga,2014,2014/2015,Germany
VfB Stuttgart,in,0.0,1 Bundesliga,2014,2014/2015,Germany
Hamburger SV,in,8.5,1 Bundesliga,2014,2014/2015,Germany
Hamburger SV,in,6.0,1 Bundesliga,2014,2014/2015,Germany
Hamburger SV,in,4.5,1 Bundesliga,2014,2014/2015,Germany
Hamburger SV,in,3.0,1 Bundesliga,2014,2014/2015,Germany
Hamburger SV,in,2.8,1 Bundesliga,2014,2014/2015,Germany
Hamburger SV,in,2.75,1 Bundesliga,2014,2014/2015,Germany
Hamburger SV,in,2.5,1 Bundesliga,2014,2014/2015,Germany
Hamburger SV,in,1.3,1 Bundesliga,2014,2014/2015,Germany
Hamburger SV,in,0.3,1 Bundesliga,2014,2014/2015,Germany
Hamburger SV,in,0.15,1 Bundesliga,2014,2014/2015,Germany
Hamburger SV,in,0.0,1 Bundesliga,2014,2014/2015,Germany
1. FC Köln,in,3.5,1 Bundesliga,2014,2014/2015,Germany
1. FC Köln,in,1.8,1 Bundesliga,2014,2014/2015,Germany
1. FC Köln,in,1.6,1 Bundesliga,2014,2014/2015,Germany
1. FC Köln,in,0.6,1 Bundesliga,2014,2014/2015,Germany
1. FC Köln,in,0.5,1 Bundesliga,2014,2014/2015,Germany
1. FC Köln,in,0.2,1 Bundesliga,2014,2014/2015,Germany
1. FC Köln,in,0.0,1 Bundesliga,2014,2014/2015,Germany
1. FC Köln,in,0.0,1 Bundesliga,2014,2014/2015,Germany
SC Paderborn 07,in,0.7,1 Bundesliga,2014,2014/2015,Germany
SC Paderborn 07,in,0.3,1 Bundesliga,2014,2014/2015,Germany
SC Paderborn 07,in,0.3,1 Bundesliga,2014,2014/2015,Germany
SC Paderborn 07,in,0.15,1 Bundesliga,2014,2014/2015,Germany
SC Paderborn 07,in,0.1,1 Bundesliga,2014,2014/2015,Germany
SC Paderborn 07,in,0.05,1 Bundesliga,2014,2014/2015,Germany
SC Paderborn 07,in,0.0,1 Bundesliga,2014,2014/2015,Germany
SC Paderborn 07,in,0.0,1 Bundesliga,2014,2014/2015,Germany
SC Paderborn 07,in,0.0,1 Bundesliga,2014,2014/2015,Germany
Borussia Dortmund,in,12.0,1 Bundesliga,2014,2014/2015,Germany
Bayer 04 Leverkusen,in,7.0,1 Bundesliga,2014,2014/2015,Germany
VfL Wolfsburg,in,32.0,1 Bundesliga,2014,2014/2015,Germany
VfL Wolfsburg,in,1.5,1 Bundesliga,2014,2014/2015,Germany
VfL Wolfsburg,in,1.5,1 Bundesliga,2014,2014/2015,Germany
1.FSV Mainz 05,in,0.4,1 Bundesliga,2014,2014/2015,Germany
1.FSV Mainz 05,in,0.22,1 Bundesliga,2014,2014/2015,Germany
1.FSV Mainz 05,in,0.0,1 Bundesliga,2014,2014/2015,Germany
FC Augsburg,in,2.0,1 Bundesliga,2014,2014/2015,Germany
FC Augsburg,in,0.0,1 Bundesliga,2014,2014/2015,Germany
Hannover 96,in,0.0,1 Bundesliga,2014,2014/2015,Germany
Hannover 96,in,0.0,1 Bundesliga,2014,2014/2015,Germany
SV Werder Bremen,in,4.5,1 Bundesliga,2014,2014/2015,Germany
SV Werder Bremen,in,0.2,1 Bundesliga,2014,2014/2015,Germany
SV Werder Bremen,in,0.15,1 Bundesliga,2014,2014/2015,Germany
SV Werder Bremen,in,0.1,1 Bundesliga,2014,2014/2015,Germany
Eintracht Frankfurt,in,0.0,1 Bundesliga,2014,2014/2015,Germany
SC Freiburg,in,1.5,1 Bundesliga,2014,2014/2015,Germany
SC Freiburg,in,0.2,1 Bundesliga,2014,2014/2015,Germany
VfB Stuttgart,in,0.6,1 Bundesliga,2014,2014/2015,Germany
Hamburger SV,in,2.0,1 Bundesliga,2014,2014/2015,Germany
Hamburger SV,in,2.0,1 Bundesliga,2014,2014/2015,Germany
1. FC Köln,in,0.2,1 Bundesliga,2014,2014/2015,Germany
SC Paderborn 07,in,0.35,1 Bundesliga,2014,2014/2015,Germany
Bayern Munich,in,39.25,1 Bundesliga,2015,2015/2016,Germany
Bayern Munich,in,30.0,1 Bundesliga,2015,2015/2016,Germany
Bayern Munich,in,8.5,1 Bundesliga,2015,2015/2016,Germany
Bayern Munich,in,7.0,1 Bundesliga,2015,2015/2016,Germany
Bayern Munich,in,3.5,1 Bundesliga,2015,2015/2016,Germany
VfL Wolfsburg,in,43.0,1 Bundesliga,2015,2015/2016,Germany
VfL Wolfsburg,in,12.0,1 Bundesliga,2015,2015/2016,Germany
VfL Wolfsburg,in,4.5,1 Bundesliga,2015,2015/2016,Germany
VfL Wolfsburg,in,1.6,1 Bundesliga,2015,2015/2016,Germany
VfL Wolfsburg,in,1.5,1 Bundesliga,2015,2015/2016,Germany
VfL Wolfsburg,in,1.0,1 Bundesliga,2015,2015/2016,Germany
Borussia Mönchengladbach,in,10.0,1 Bundesliga,2015,2015/2016,Germany
Borussia Mönchengladbach,in,8.0,1 Bundesliga,2015,2015/2016,Germany
Borussia Mönchengladbach,in,4.0,1 Bundesliga,2015,2015/2016,Germany
Borussia Mönchengladbach,in,4.0,1 Bundesliga,2015,2015/2016,Germany
Borussia Mönchengladbach,in,3.0,1 Bundesliga,2015,2015/2016,Germany
Borussia Mönchengladbach,in,0.0,1 Bundesliga,2015,2015/2016,Germany
Bayer 04 Leverkusen,in,13.0,1 Bundesliga,2015,2015/2016,Germany
Bayer 04 Leverkusen,in,12.0,1 Bundesliga,2015,2015/2016,Germany
Bayer 04 Leverkusen,in,11.0,1 Bundesliga,2015,2015/2016,Germany
Bayer 04 Leverkusen,in,8.0,1 Bundesliga,2015,2015/2016,Germany
Bayer 04 Leverkusen,in,7.5,1 Bundesliga,2015,2015/2016,Germany
Bayer 04 Leverkusen,in,6.5,1 Bundesliga,2015,2015/2016,Germany
Bayer 04 Leverkusen,in,0.0,1 Bundesliga,2015,2015/2016,Germany
FC Augsburg,in,5.0,1 Bundesliga,2015,2015/2016,Germany
FC Augsburg,in,3.8,1 Bundesliga,2015,2015/2016,Germany
FC Augsburg,in,2.5,1 Bundesliga,2015,2015/2016,Germany
FC Augsburg,in,1.4,1 Bundesliga,2015,2015/2016,Germany
FC Augsburg,in,0.0,1 Bundesliga,2015,2015/2016,Germany
FC Augsburg,in,0.0,1 Bundesliga,2015,2015/2016,Germany
FC Schalke 04,in,10.5,1 Bundesliga,2015,2015/2016,Germany
FC Schalke 04,in,9.5,1 Bundesliga,2015,2015/2016,Germany
FC Schalke 04,in,6.0,1 Bundesliga,2015,2015/2016,Germany
FC Schalke 04,in,4.5,1 Bundesliga,2015,2015/2016,Germany
FC Schalke 04,in,1.0,1 Bundesliga,2015,2015/2016,Germany
FC Schalke 04,in,0.6,1 Bundesliga,2015,2015/2016,Germany
FC Schalke 04,in,0.0,1 Bundesliga,2015,2015/2016,Germany
Borussia Dortmund,in,11.0,1 Bundesliga,2015,2015/2016,Germany
Borussia Dortmund,in,3.5,1 Bundesliga,2015,2015/2016,Germany
Borussia Dortmund,in,3.0,1 Bundesliga,2015,2015/2016,Germany
Borussia Dortmund,in,2.5,1 Bundesliga,2015,2015/2016,Germany
TSG 1899 Hoffenheim,in,6.0,1 Bundesliga,2015,2015/2016,Germany
TSG 1899 Hoffenheim,in,4.0,1 Bundesliga,2015,2015/2016,Germany
TSG 1899 Hoffenheim,in,3.5,1 Bundesliga,2015,2015/2016,Germany
TSG 1899 Hoffenheim,in,3.5,1 Bundesliga,2015,2015/2016,Germany
TSG 1899 Hoffenheim,in,2.2,1 Bundesliga,2015,2015/2016,Germany
TSG 1899 Hoffenheim,in,2.2,1 Bundesliga,2015,2015/2016,Germany
TSG 1899 Hoffenheim,in,1.0,1 Bundesliga,2015,2015/2016,Germany
TSG 1899 Hoffenheim,in,0.5,1 Bundesliga,2015,2015/2016,Germany
TSG 1899 Hoffenheim,in,0.5,1 Bundesliga,2015,2015/2016,Germany
TSG 1899 Hoffenheim,in,0.0,1 Bundesliga,2015,2015/2016,Germany
TSG 1899 Hoffenheim,in,0.0,1 Bundesliga,2015,2015/2016,Germany
Eintracht Frankfurt,in,2.5,1 Bundesliga,2015,2015/2016,Germany
Eintracht Frankfurt,in,2.5,1 Bundesliga,2015,2015/2016,Germany
Eintracht Frankfurt,in,1.5,1 Bundesliga,2015,2015/2016,Germany
Eintracht Frankfurt,in,1.25,1 Bundesliga,2015,2015/2016,Germany
Eintracht Frankfurt,in,0.0,1 Bundesliga,2015,2015/2016,Germany
Eintracht Frankfurt,in,0.0,1 Bundesliga,2015,2015/2016,Germany
SV Werder Bremen,in,4.5,1 Bundesliga,2015,2015/2016,Germany
SV Werder Bremen,in,4.2,1 Bundesliga,2015,2015/2016,Germany
SV Werder Bremen,in,0.6,1 Bundesliga,2015,2015/2016,Germany
SV Werder Bremen,in,0.0,1 Bundesliga,2015,2015/2016,Germany
1.FSV Mainz 05,in,3.6,1 Bundesliga,2015,2015/2016,Germany
1.FSV Mainz 05,in,2.8,1 Bundesliga,2015,2015/2016,Germany
1.FSV Mainz 05,in,2.0,1 Bundesliga,2015,2015/2016,Germany
1.FSV Mainz 05,in,1.0,1 Bundesliga,2015,2015/2016,Germany
1.FSV Mainz 05,in,0.6,1 Bundesliga,2015,2015/2016,Germany
1.FSV Mainz 05,in,0.35,1 Bundesliga,2015,2015/2016,Germany
1.FSV Mainz 05,in,0.0,1 Bundesliga,2015,2015/2016,Germany
1.FSV Mainz 05,in,0.0,1 Bundesliga,2015,2015/2016,Germany
1.FSV Mainz 05,in,0.0,1 Bundesliga,2015,2015/2016,Germany
1.FSV Mainz 05,in,0.0,1 Bundesliga,2015,2015/2016,Germany
1.FSV Mainz 05,in,0.0,1 Bundesliga,2015,2015/2016,Germany
1. FC Köln,in,4.5,1 Bundesliga,2015,2015/2016,Germany
1. FC Köln,in,3.0,1 Bundesliga,2015,2015/2016,Germany
1. FC Köln,in,2.5,1 Bundesliga,2015,2015/2016,Germany
1. FC Köln,in,1.78,1 Bundesliga,2015,2015/2016,Germany
1. FC Köln,in,1.5,1 Bundesliga,2015,2015/2016,Germany
Hannover 96,in,3.5,1 Bundesliga,2015,2015/2016,Germany
Hannover 96,in,3.3,1 Bundesliga,2015,2015/2016,Germany
Hannover 96,in,3.0,1 Bundesliga,2015,2015/2016,Germany
Hannover 96,in,2.0,1 Bundesliga,2015,2015/2016,Germany
Hannover 96,in,1.5,1 Bundesliga,2015,2015/2016,Germany
Hannover 96,in,0.0,1 Bundesliga,2015,2015/2016,Germany
VfB Stuttgart,in,3.5,1 Bundesliga,2015,2015/2016,Germany
VfB Stuttgart,in,3.0,1 Bundesliga,2015,2015/2016,Germany
VfB Stuttgart,in,1.5,1 Bundesliga,2015,2015/2016,Germany
VfB Stuttgart,in,1.5,1 Bundesliga,2015,2015/2016,Germany
VfB Stuttgart,in,1.0,1 Bundesliga,2015,2015/2016,Germany
VfB Stuttgart,in,0.75,1 Bundesliga,2015,2015/2016,Germany
VfB Stuttgart,in,0.75,1 Bundesliga,2015,2015/2016,Germany
VfB Stuttgart,in,0.0,1 Bundesliga,2015,2015/2016,Germany
VfB Stuttgart,in,0.0,1 Bundesliga,2015,2015/2016,Germany
Hertha BSC,in,3.8,1 Bundesliga,2015,2015/2016,Germany
Hertha BSC,in,3.0,1 Bundesliga,2015,2015/2016,Germany
Hertha BSC,in,0.0,1 Bundesliga,2015,2015/2016,Germany
Hamburger SV,in,6.5,1 Bundesliga,2015,2015/2016,Germany
Hamburger SV,in,4.5,1 Bundesliga,2015,2015/2016,Germany
Hamburger SV,in,3.0,1 Bundesliga,2015,2015/2016,Germany
Hamburger SV,in,3.0,1 Bundesliga,2015,2015/2016,Germany
Hamburger SV,in,2.5,1 Bundesliga,2015,2015/2016,Germany
Hamburger SV,in,0.7,1 Bundesliga,2015,2015/2016,Germany
Hamburger SV,in,0.4,1 Bundesliga,2015,2015/2016,Germany
Hamburger SV,in,0.05,1 Bundesliga,2015,2015/2016,Germany
FC Ingolstadt 04,in,1.5,1 Bundesliga,2015,2015/2016,Germany
FC Ingolstadt 04,in,1.0,1 Bundesliga,2015,2015/2016,Germany
FC Ingolstadt 04,in,0.7,1 Bundesliga,2015,2015/2016,Germany
FC Ingolstadt 04,in,0.5,1 Bundesliga,2015,2015/2016,Germany
FC Ingolstadt 04,in,0.0,1 Bundesliga,2015,2015/2016,Germany
SV Darmstadt 98,in,0.5,1 Bundesliga,2015,2015/2016,Germany
SV Darmstadt 98,in,0.5,1 Bundesliga,2015,2015/2016,Germany
SV Darmstadt 98,in,0.1,1 Bundesliga,2015,2015/2016,Germany
SV Darmstadt 98,in,0.0,1 Bundesliga,2015,2015/2016,Germany
SV Darmstadt 98,in,0.0,1 Bundesliga,2015,2015/2016,Germany
SV Darmstadt 98,in,0.0,1 Bundesliga,2015,2015/2016,Germany
SV Darmstadt 98,in,0.0,1 Bundesliga,2015,2015/2016,Germany
SV Darmstadt 98,in,0.0,1 Bundesliga,2015,2015/2016,Germany
SV Darmstadt 98,in,0.0,1 Bundesliga,2015,2015/2016,Germany
Bayern Munich,in,2.5,1 Bundesliga,2015,2015/2016,Germany
VfL Wolfsburg,in,4.5,1 Bundesliga,2015,2015/2016,Germany
Borussia Mönchengladbach,in,8.0,1 Bundesliga,2015,2015/2016,Germany
Borussia Mönchengladbach,in,1.0,1 Bundesliga,2015,2015/2016,Germany
FC Augsburg,in,3.0,1 Bundesliga,2015,2015/2016,Germany
FC Augsburg,in,1.0,1 Bundesliga,2015,2015/2016,Germany
FC Schalke 04,in,5.0,1 Bundesliga,2015,2015/2016,Germany
Eintracht Frankfurt,in,3.7,1 Bundesliga,2015,2015/2016,Germany
Eintracht Frankfurt,in,0.25,1 Bundesliga,2015,2015/2016,Germany
Eintracht Frankfurt,in,0.12,1 Bundesliga,2015,2015/2016,Germany
Eintracht Frankfurt,in,0.0,1 Bundesliga,2015,2015/2016,Germany
SV Werder Bremen,in,2.5,1 Bundesliga,2015,2015/2016,Germany
SV Werder Bremen,in,0.4,1 Bundesliga,2015,2015/2016,Germany
SV Werder Bremen,in,0.33,1 Bundesliga,2015,2015/2016,Germany
SV Werder Bremen,in,0.25,1 Bundesliga,2015,2015/2016,Germany
SV Werder Bremen,in,0.1,1 Bundesliga,2015,2015/2016,Germany
1.FSV Mainz 05,in,2.5,1 Bundesliga,2015,2015/2016,Germany
1.FSV Mainz 05,in,1.0,1 Bundesliga,2015,2015/2016,Germany
1.FSV Mainz 05,in,0.0,1 Bundesliga,2015,2015/2016,Germany
1. FC Köln,in,1.5,1 Bundesliga,2015,2015/2016,Germany
Hannover 96,in,2.0,1 Bundesliga,2015,2015/2016,Germany
Hannover 96,in,1.5,1 Bundesliga,2015,2015/2016,Germany
Hannover 96,in,1.0,1 Bundesliga,2015,2015/2016,Germany
Hannover 96,in,0.6,1 Bundesliga,2015,2015/2016,Germany
Hannover 96,in,0.0,1 Bundesliga,2015,2015/2016,Germany
VfB Stuttgart,in,2.17,1 Bundesliga,2015,2015/2016,Germany
VfB Stuttgart,in,1.0,1 Bundesliga,2015,2015/2016,Germany
VfB Stuttgart,in,0.5,1 Bundesliga,2015,2015/2016,Germany
Hertha BSC,in,0.5,1 Bundesliga,2015,2015/2016,Germany
Hamburger SV,in,1.2,1 Bundesliga,2015,2015/2016,Germany
Hamburger SV,in,0.0,1 Bundesliga,2015,2015/2016,Germany
FC Ingolstadt 04,in,2.5,1 Bundesliga,2015,2015/2016,Germany
Bayern Munich,in,35.0,1 Bundesliga,2016,2016/2017,Germany
Bayern Munich,in,35.0,1 Bundesliga,2016,2016/2017,Germany
Borussia Dortmund,in,35.0,1 Bundesliga,2016,2016/2017,Germany
Borussia Dortmund,in,30.0,1 Bundesliga,2016,2016/2017,Germany
Borussia Dortmund,in,22.0,1 Bundesliga,2016,2016/2017,Germany
Borussia Dortmund,in,12.0,1 Bundesliga,2016,2016/2017,Germany
Borussia Dortmund,in,12.0,1 Bundesliga,2016,2016/2017,Germany
Borussia Dortmund,in,9.75,1 Bundesliga,2016,2016/2017,Germany
Borussia Dortmund,in,8.0,1 Bundesliga,2016,2016/2017,Germany
Borussia Dortmund,in,3.75,1 Bundesliga,2016,2016/2017,Germany
Bayer 04 Leverkusen,in,21.0,1 Bundesliga,2016,2016/2017,Germany
Bayer 04 Leverkusen,in,20.0,1 Bundesliga,2016,2016/2017,Germany
Bayer 04 Leverkusen,in,4.0,1 Bundesliga,2016,2016/2017,Germany
Bayer 04 Leverkusen,in,0.6,1 Bundesliga,2016,2016/2017,Germany
Bayer 04 Leverkusen,in,0.5,1 Bundesliga,2016,2016/2017,Germany
Bayer 04 Leverkusen,in,0.5,1 Bundesliga,2016,2016/2017,Germany
Borussia Mönchengladbach,in,15.0,1 Bundesliga,2016,2016/2017,Germany
Borussia Mönchengladbach,in,12.5,1 Bundesliga,2016,2016/2017,Germany
Borussia Mönchengladbach,in,5.0,1 Bundesliga,2016,2016/2017,Germany
Borussia Mönchengladbach,in,0.0,1 Bundesliga,2016,2016/2017,Germany
Borussia Mönchengladbach,in,0.0,1 Bundesliga,2016,2016/2017,Germany
FC Schalke 04,in,26.5,1 Bundesliga,2016,2016/2017,Germany
FC Schalke 04,in,8.0,1 Bundesliga,2016,2016/2017,Germany
FC Schalke 04,in,4.0,1 Bundesliga,2016,2016/2017,Germany
FC Schalke 04,in,0.5,1 Bundesliga,2016,2016/2017,Germany
FC Schalke 04,in,0.3,1 Bundesliga,2016,2016/2017,Germany
FC Schalke 04,in,0.0,1 Bundesliga,2016,2016/2017,Germany
1.FSV Mainz 05,in,6.5,1 Bundesliga,2016,2016/2017,Germany
1.FSV Mainz 05,in,5.0,1 Bundesliga,2016,2016/2017,Germany
1.FSV Mainz 05,in,5.0,1 Bundesliga,2016,2016/2017,Germany
1.FSV Mainz 05,in,3.0,1 Bundesliga,2016,2016/2017,Germany
1.FSV Mainz 05,in,2.5,1 Bundesliga,2016,2016/2017,Germany
1.FSV Mainz 05,in,2.15,1 Bundesliga,2016,2016/2017,Germany
1.FSV Mainz 05,in,2.0,1 Bundesliga,2016,2016/2017,Germany
1.FSV Mainz 05,in,0.5,1 Bundesliga,2016,2016/2017,Germany
Hertha BSC,in,4.2,1 Bundesliga,2016,2016/2017,Germany
Hertha BSC,in,2.5,1 Bundesliga,2016,2016/2017,Germany
Hertha BSC,in,0.0,1 Bundesliga,2016,2016/2017,Germany
VfL Wolfsburg,in,13.0,1 Bundesliga,2016,2016/2017,Germany
VfL Wolfsburg,in,11.5,1 Bundesliga,2016,2016/2017,Germany
VfL Wolfsburg,in,10.0,1 Bundesliga,2016,2016/2017,Germany
VfL Wolfsburg,in,5.0,1 Bundesliga,2016,2016/2017,Germany
VfL Wolfsburg,in,3.0,1 Bundesliga,2016,2016/2017,Germany
VfL Wolfsburg,in,3.0,1 Bundesliga,2016,2016/2017,Germany
VfL Wolfsburg,in,1.5,1 Bundesliga,2016,2016/2017,Germany
VfL Wolfsburg,in,1.05,1 Bundesliga,2016,2016/2017,Germany
VfL Wolfsburg,in,0.0,1 Bundesliga,2016,2016/2017,Germany
1. FC Köln,in,3.8,1 Bundesliga,2016,2016/2017,Germany
1. FC Köln,in,1.3,1 Bundesliga,2016,2016/2017,Germany
1. FC Köln,in,0.0,1 Bundesliga,2016,2016/2017,Germany
1. FC Köln,in,0.0,1 Bundesliga,2016,2016/2017,Germany
Hamburger SV,in,14.0,1 Bundesliga,2016,2016/2017,Germany
Hamburger SV,in,6.5,1 Bundesliga,2016,2016/2017,Germany
Hamburger SV,in,5.0,1 Bundesliga,2016,2016/2017,Germany
Hamburger SV,in,4.0,1 Bundesliga,2016,2016/2017,Germany
Hamburger SV,in,1.3,1 Bundesliga,2016,2016/2017,Germany
Hamburger SV,in,0.85,1 Bundesliga,2016,2016/2017,Germany
Hamburger SV,in,0.8,1 Bundesliga,2016,2016/2017,Germany
FC Ingolstadt 04,in,3.5,1 Bundesliga,2016,2016/2017,Germany
FC Ingolstadt 04,in,2.0,1 Bundesliga,2016,2016/2017,Germany
FC Ingolstadt 04,in,1.5,1 Bundesliga,2016,2016/2017,Germany
FC Ingolstadt 04,in,0.95,1 Bundesliga,2016,2016/2017,Germany
FC Ingolstadt 04,in,0.0,1 Bundesliga,2016,2016/2017,Germany
FC Ingolstadt 04,in,0.0,1 Bundesliga,2016,2016/2017,Germany
FC Ingolstadt 04,in,0.0,1 Bundesliga,2016,2016/2017,Germany
FC Ingolstadt 04,in,0.0,1 Bundesliga,2016,2016/2017,Germany
FC Ingolstadt 04,in,0.0,1 Bundesliga,2016,2016/2017,Germany
FC Augsburg,in,10.5,1 Bundesliga,2016,2016/2017,Germany
FC Augsburg,in,5.2,1 Bundesliga,2016,2016/2017,Germany
FC Augsburg,in,4.0,1 Bundesliga,2016,2016/2017,Germany
FC Augsburg,in,1.5,1 Bundesliga,2016,2016/2017,Germany
FC Augsburg,in,1.0,1 Bundesliga,2016,2016/2017,Germany
FC Augsburg,in,0.0,1 Bundesliga,2016,2016/2017,Germany
FC Augsburg,in,0.0,1 Bundesliga,2016,2016/2017,Germany
FC Augsburg,in,0.0,1 Bundesliga,2016,2016/2017,Germany
SV Werder Bremen,in,7.5,1 Bundesliga,2016,2016/2017,Germany
SV Werder Bremen,in,5.0,1 Bundesliga,2016,2016/2017,Germany
SV Werder Bremen,in,3.5,1 Bundesliga,2016,2016/2017,Germany
SV Werder Bremen,in,2.5,1 Bundesliga,2016,2016/2017,Germany
SV Werder Bremen,in,1.7,1 Bundesliga,2016,2016/2017,Germany
SV Werder Bremen,in,1.5,1 Bundesliga,2016,2016/2017,Germany
SV Werder Bremen,in,0.0,1 Bundesliga,2016,2016/2017,Germany
SV Werder Bremen,in,0.0,1 Bundesliga,2016,2016/2017,Germany
SV Werder Bremen,in,0.0,1 Bundesliga,2016,2016/2017,Germany
SV Werder Bremen,in,0.0,1 Bundesliga,2016,2016/2017,Germany
SV Werder Bremen,in,0.0,1 Bundesliga,2016,2016/2017,Germany
SV Darmstadt 98,in,2.0,1 Bundesliga,2016,2016/2017,Germany
SV Darmstadt 98,in,0.75,1 Bundesliga,2016,2016/2017,Germany
SV Darmstadt 98,in,0.35,1 Bundesliga,2016,2016/2017,Germany
SV Darmstadt 98,in,0.2,1 Bundesliga,2016,2016/2017,Germany
SV Darmstadt 98,in,0.15,1 Bundesliga,2016,2016/2017,Germany
SV Darmstadt 98,in,0.05,1 Bundesliga,2016,2016/2017,Germany
SV Darmstadt 98,in,0.0,1 Bundesliga,2016,2016/2017,Germany
SV Darmstadt 98,in,0.0,1 Bundesliga,2016,2016/2017,Germany
SV Darmstadt 98,in,0.0,1 Bundesliga,2016,2016/2017,Germany
SV Darmstadt 98,in,0.0,1 Bundesliga,2016,2016/2017,Germany
SV Darmstadt 98,in,0.0,1 Bundesliga,2016,2016/2017,Germany
SV Darmstadt 98,in,0.0,1 Bundesliga,2016,2016/2017,Germany
TSG 1899 Hoffenheim,in,11.0,1 Bundesliga,2016,2016/2017,Germany
TSG 1899 Hoffenheim,in,5.0,1 Bundesliga,2016,2016/2017,Germany
TSG 1899 Hoffenheim,in,4.7,1 Bundesliga,2016,2016/2017,Germany
TSG 1899 Hoffenheim,in,3.0,1 Bundesliga,2016,2016/2017,Germany
TSG 1899 Hoffenheim,in,2.8,1 Bundesliga,2016,2016/2017,Germany
TSG 1899 Hoffenheim,in,0.8,1 Bundesliga,2016,2016/2017,Germany
TSG 1899 Hoffenheim,in,0.138,1 Bundesliga,2016,2016/2017,Germany
TSG 1899 Hoffenheim,in,0.0,1 Bundesliga,2016,2016/2017,Germany
Eintracht Frankfurt,in,1.2,1 Bundesliga,2016,2016/2017,Germany
Eintracht Frankfurt,in,1.0,1 Bundesliga,2016,2016/2017,Germany
Eintracht Frankfurt,in,0.0,1 Bundesliga,2016,2016/2017,Germany
Eintracht Frankfurt,in,0.0,1 Bundesliga,2016,2016/2017,Germany
SC Freiburg,in,7.93,1 Bundesliga,2016,2016/2017,Germany
SC Freiburg,in,2.0,1 Bundesliga,2016,2016/2017,Germany
SC Freiburg,in,1.2,1 Bundesliga,2016,2016/2017,Germany
SC Freiburg,in,1.2,1 Bundesliga,2016,2016/2017,Germany
SC Freiburg,in,1.2,1 Bundesliga,2016,2016/2017,Germany
SC Freiburg,in,1.0,1 Bundesliga,2016,2016/2017,Germany
SC Freiburg,in,0.75,1 Bundesliga,2016,2016/2017,Germany
SC Freiburg,in,0.0,1 Bundesliga,2016,2016/2017,Germany
RB Leipzig,in,29.75,1 Bundesliga,2016,2016/2017,Germany
RB Leipzig,in,22.2,1 Bundesliga,2016,2016/2017,Germany
RB Leipzig,in,15.2,1 Bundesliga,2016,2016/2017,Germany
RB Leipzig,in,6.0,1 Bundesliga,2016,2016/2017,Germany
RB Leipzig,in,1.7,1 Bundesliga,2016,2016/2017,Germany
RB Leipzig,in,1.0,1 Bundesliga,2016,2016/2017,Germany
RB Leipzig,in,0.8,1 Bundesliga,2016,2016/2017,Germany
Borussia Dortmund,in,8.6,1 Bundesliga,2016,2016/2017,Germany
Bayer 04 Leverkusen,in,16.7,1 Bundesliga,2016,2016/2017,Germany
Borussia Mönchengladbach,in,7.5,1 Bundesliga,2016,2016/2017,Germany
Borussia Mönchengladbach,in,1.25,1 Bundesliga,2016,2016/2017,Germany
FC Schalke 04,in,2.5,1 Bundesliga,2016,2016/2017,Germany
FC Schalke 04,in,1.5,1 Bundesliga,2016,2016/2017,Germany
1.FSV Mainz 05,in,2.5,1 Bundesliga,2016,2016/2017,Germany
1.FSV Mainz 05,in,0.06,1 Bundesliga,2016,2016/2017,Germany
VfL Wolfsburg,in,12.5,1 Bundesliga,2016,2016/2017,Germany
VfL Wolfsburg,in,12.0,1 Bundesliga,2016,2016/2017,Germany
VfL Wolfsburg,in,5.0,1 Bundesliga,2016,2016/2017,Germany
VfL Wolfsburg,in,3.5,1 Bundesliga,2016,2016/2017,Germany
VfL Wolfsburg,in,0.0,1 Bundesliga,2016,2016/2017,Germany
1. FC Köln,in,2.75,1 Bundesliga,2016,2016/2017,Germany
1. FC Köln,in,0.5,1 Bundesliga,2016,2016/2017,Germany
Hamburger SV,in,9.2,1 Bundesliga,2016,2016/2017,Germany
Hamburger SV,in,1.8,1 Bundesliga,2016,2016/2017,Germany
Hamburger SV,in,0.5,1 Bundesliga,2016,2016/2017,Germany
FC Augsburg,in,1.5,1 Bundesliga,2016,2016/2017,Germany
SV Werder Bremen,in,2.0,1 Bundesliga,2016,2016/2017,Germany
SV Darmstadt 98,in,0.6,1 Bundesliga,2016,2016/2017,Germany
SV Darmstadt 98,in,0.0,1 Bundesliga,2016,2016/2017,Germany
SV Darmstadt 98,in,0.0,1 Bundesliga,2016,2016/2017,Germany
SV Darmstadt 98,in,0.0,1 Bundesliga,2016,2016/2017,Germany
Eintracht Frankfurt,in,1.0,1 Bundesliga,2016,2016/2017,Germany
Eintracht Frankfurt,in,0.5,1 Bundesliga,2016,2016/2017,Germany
Eintracht Frankfurt,in,0.1,1 Bundesliga,2016,2016/2017,Germany
SC Freiburg,in,1.5,1 Bundesliga,2016,2016/2017,Germany
RB Leipzig,in,18.5,1 Bundesliga,2016,2016/2017,Germany
Bayern Munich,in,41.5,1 Bundesliga,2017,2017/2018,Germany
Bayern Munich,in,21.0,1 Bundesliga,2017,2017/2018,Germany
Bayern Munich,in,20.0,1 Bundesliga,2017,2017/2018,Germany
Bayern Munich,in,13.0,1 Bundesliga,2017,2017/2018,Germany
Bayern Munich,in,8.0,1 Bundesliga,2017,2017/2018,Germany
Bayern Munich,in,0.0,1 Bundesliga,2017,2017/2018,Germany
RB Leipzig,in,20.0,1 Bundesliga,2017,2017/2018,Germany
RB Leipzig,in,16.0,1 Bundesliga,2017,2017/2018,Germany
RB Leipzig,in,15.0,1 Bundesliga,2017,2017/2018,Germany
RB Leipzig,in,7.0,1 Bundesliga,2017,2017/2018,Germany
RB Leipzig,in,5.0,1 Bundesliga,2017,2017/2018,Germany
RB Leipzig,in,0.0,1 Bundesliga,2017,2017/2018,Germany
RB Leipzig,in,0.0,1 Bundesliga,2017,2017/2018,Germany
Borussia Dortmund,in,25.0,1 Bundesliga,2017,2017/2018,Germany
Borussia Dortmund,in,20.59,1 Bundesliga,2017,2017/2018,Germany
Borussia Dortmund,in,20.0,1 Bundesliga,2017,2017/2018,Germany
Borussia Dortmund,in,12.0,1 Bundesliga,2017,2017/2018,Germany
Borussia Dortmund,in,12.0,1 Bundesliga,2017,2017/2018,Germany
Borussia Dortmund,in,7.0,1 Bundesliga,2017,2017/2018,Germany
Borussia Dortmund,in,0.0,1 Bundesliga,2017,2017/2018,Germany
TSG 1899 Hoffenheim,in,8.0,1 Bundesliga,2017,2017/2018,Germany
TSG 1899 Hoffenheim,in,3.0,1 Bundesliga,2017,2017/2018,Germany
TSG 1899 Hoffenheim,in,2.7,1 Bundesliga,2017,2017/2018,Germany
TSG 1899 Hoffenheim,in,1.0,1 Bundesliga,2017,2017/2018,Germany
TSG 1899 Hoffenheim,in,0.0,1 Bundesliga,2017,2017/2018,Germany
TSG 1899 Hoffenheim,in,0.0,1 Bundesliga,2017,2017/2018,Germany
1. FC Köln,in,17.0,1 Bundesliga,2017,2017/2018,Germany
1. FC Köln,in,7.0,1 Bundesliga,2017,2017/2018,Germany
1. FC Köln,in,7.0,1 Bundesliga,2017,2017/2018,Germany
1. FC Köln,in,3.0,1 Bundesliga,2017,2017/2018,Germany
1. FC Köln,in,0.0,1 Bundesliga,2017,2017/2018,Germany
1. FC Köln,in,0.0,1 Bundesliga,2017,2017/2018,Germany
Hertha BSC,in,8.0,1 Bundesliga,2017,2017/2018,Germany
Hertha BSC,in,3.0,1 Bundesliga,2017,2017/2018,Germany
Hertha BSC,in,2.5,1 Bundesliga,2017,2017/2018,Germany
Hertha BSC,in,0.5,1 Bundesliga,2017,2017/2018,Germany
Hertha BSC,in,0.0,1 Bundesliga,2017,2017/2018,Germany
SC Freiburg,in,4.0,1 Bundesliga,2017,2017/2018,Germany
SC Freiburg,in,3.5,1 Bundesliga,2017,2017/2018,Germany
SC Freiburg,in,3.5,1 Bundesliga,2017,2017/2018,Germany
SC Freiburg,in,2.5,1 Bundesliga,2017,2017/2018,Germany
SC Freiburg,in,2.3,1 Bundesliga,2017,2017/2018,Germany
SC Freiburg,in,0.5,1 Bundesliga,2017,2017/2018,Germany
SC Freiburg,in,0.5,1 Bundesliga,2017,2017/2018,Germany
SC Freiburg,in,0.5,1 Bundesliga,2017,2017/2018,Germany
SV Werder Bremen,in,4.5,1 Bundesliga,2017,2017/2018,Germany
SV Werder Bremen,in,3.0,1 Bundesliga,2017,2017/2018,Germany
SV Werder Bremen,in,1.2,1 Bundesliga,2017,2017/2018,Germany
SV Werder Bremen,in,0.5,1 Bundesliga,2017,2017/2018,Germany
SV Werder Bremen,in,0.3,1 Bundesliga,2017,2017/2018,Germany
Borussia Mönchengladbach,in,17.0,1 Bundesliga,2017,2017/2018,Germany
Borussia Mönchengladbach,in,12.0,1 Bundesliga,2017,2017/2018,Germany
Borussia Mönchengladbach,in,6.0,1 Bundesliga,2017,2017/2018,Germany
Borussia Mönchengladbach,in,2.0,1 Bundesliga,2017,2017/2018,Germany
Borussia Mönchengladbach,in,0.25,1 Bundesliga,2017,2017/2018,Germany
Borussia Mönchengladbach,in,0.0,1 Bundesliga,2017,2017/2018,Germany
FC Schalke 04,in,19.0,1 Bundesliga,2017,2017/2018,Germany
FC Schalke 04,in,12.5,1 Bundesliga,2017,2017/2018,Germany
FC Schalke 04,in,8.0,1 Bundesliga,2017,2017/2018,Germany
FC Schalke 04,in,4.5,1 Bundesliga,2017,2017/2018,Germany
FC Schalke 04,in,3.5,1 Bundesliga,2017,2017/2018,Germany
FC Schalke 04,in,0.0,1 Bundesliga,2017,2017/2018,Germany
Eintracht Frankfurt,in,12.0,1 Bundesliga,2017,2017/2018,Germany
Eintracht Frankfurt,in,4.5,1 Bundesliga,2017,2017/2018,Germany
Eintracht Frankfurt,in,2.7,1 Bundesliga,2017,2017/2018,Germany
Eintracht Frankfurt,in,1.6,1 Bundesliga,2017,2017/2018,Germany
Eintracht Frankfurt,in,1.0,1 Bundesliga,2017,2017/2018,Germany
Eintracht Frankfurt,in,1.0,1 Bundesliga,2017,2017/2018,Germany
Eintracht Frankfurt,in,0.45,1 Bundesliga,2017,2017/2018,Germany
Eintracht Frankfurt,in,0.35,1 Bundesliga,2017,2017/2018,Germany
Eintracht Frankfurt,in,0.2,1 Bundesliga,2017,2017/2018,Germany
Eintracht Frankfurt,in,0.0,1 Bundesliga,2017,2017/2018,Germany
Eintracht Frankfurt,in,0.0,1 Bundesliga,2017,2017/2018,Germany
Bayer 04 Leverkusen,in,19.0,1 Bundesliga,2017,2017/2018,Germany
Bayer 04 Leverkusen,in,17.5,1 Bundesliga,2017,2017/2018,Germany
Bayer 04 Leverkusen,in,12.5,1 Bundesliga,2017,2017/2018,Germany
Bayer 04 Leverkusen,in,2.0,1 Bundesliga,2017,2017/2018,Germany
FC Augsburg,in,5.5,1 Bundesliga,2017,2017/2018,Germany
FC Augsburg,in,1.0,1 Bundesliga,2017,2017/2018,Germany
FC Augsburg,in,0.75,1 Bundesliga,2017,2017/2018,Germany
FC Augsburg,in,0.3,1 Bundesliga,2017,2017/2018,Germany
FC Augsburg,in,0.0,1 Bundesliga,2017,2017/2018,Germany
FC Augsburg,in,0.0,1 Bundesliga,2017,2017/2018,Germany
Hamburger SV,in,6.5,1 Bundesliga,2017,2017/2018,Germany
Hamburger SV,in,6.0,1 Bundesliga,2017,2017/2018,Germany
Hamburger SV,in,3.5,1 Bundesliga,2017,2017/2018,Germany
Hamburger SV,in,3.0,1 Bundesliga,2017,2017/2018,Germany
Hamburger SV,in,0.0,1 Bundesliga,2017,2017/2018,Germany
1.FSV Mainz 05,in,5.0,1 Bundesliga,2017,2017/2018,Germany
1.FSV Mainz 05,in,3.0,1 Bundesliga,2017,2017/2018,Germany
1.FSV Mainz 05,in,3.0,1 Bundesliga,2017,2017/2018,Germany
1.FSV Mainz 05,in,1.75,1 Bundesliga,2017,2017/2018,Germany
1.FSV Mainz 05,in,0.0,1 Bundesliga,2017,2017/2018,Germany
VfL Wolfsburg,in,17.0,1 Bundesliga,2017,2017/2018,Germany
VfL Wolfsburg,in,14.0,1 Bundesliga,2017,2017/2018,Germany
VfL Wolfsburg,in,11.5,1 Bundesliga,2017,2017/2018,Germany
VfL Wolfsburg,in,6.5,1 Bundesliga,2017,2017/2018,Germany
VfL Wolfsburg,in,5.0,1 Bundesliga,2017,2017/2018,Germany
VfL Wolfsburg,in,3.0,1 Bundesliga,2017,2017/2018,Germany
VfL Wolfsburg,in,2.0,1 Bundesliga,2017,2017/2018,Germany
VfL Wolfsburg,in,1.5,1 Bundesliga,2017,2017/2018,Germany
VfL Wolfsburg,in,1.5,1 Bundesliga,2017,2017/2018,Germany
VfL Wolfsburg,in,1.0,1 Bundesliga,2017,2017/2018,Germany
VfB Stuttgart,in,6.0,1 Bundesliga,2017,2017/2018,Germany
VfB Stuttgart,in,6.0,1 Bundesliga,2017,2017/2018,Germany
VfB Stuttgart,in,4.0,1 Bundesliga,2017,2017/2018,Germany
VfB Stuttgart,in,4.0,1 Bundesliga,2017,2017/2018,Germany
VfB Stuttgart,in,2.5,1 Bundesliga,2017,2017/2018,Germany
VfB Stuttgart,in,2.5,1 Bundesliga,2017,2017/2018,Germany
VfB Stuttgart,in,1.8,1 Bundesliga,2017,2017/2018,Germany
VfB Stuttgart,in,0.4,1 Bundesliga,2017,2017/2018,Germany
VfB Stuttgart,in,0.0,1 Bundesliga,2017,2017/2018,Germany
VfB Stuttgart,in,0.0,1 Bundesliga,2017,2017/2018,Germany
Hannover 96,in,9.0,1 Bundesliga,2017,2017/2018,Germany
Hannover 96,in,4.5,1 Bundesliga,2017,2017/2018,Germany
Hannover 96,in,3.0,1 Bundesliga,2017,2017/2018,Germany
Hannover 96,in,2.0,1 Bundesliga,2017,2017/2018,Germany
Hannover 96,in,0.0,1 Bundesliga,2017,2017/2018,Germany
Hannover 96,in,0.0,1 Bundesliga,2017,2017/2018,Germany
Hannover 96,in,0.0,1 Bundesliga,2017,2017/2018,Germany
Hannover 96,in,0.0,1 Bundesliga,2017,2017/2018,Germany
Bayern Munich,in,13.0,1 Bundesliga,2017,2017/2018,Germany
RB Leipzig,in,0.5,1 Bundesliga,2017,2017/2018,Germany
Borussia Dortmund,in,21.5,1 Bundesliga,2017,2017/2018,Germany
Borussia Dortmund,in,3.0,1 Bundesliga,2017,2017/2018,Germany
Borussia Dortmund,in,1.5,1 Bundesliga,2017,2017/2018,Germany
1. FC Köln,in,3.0,1 Bundesliga,2017,2017/2018,Germany
1. FC Köln,in,3.0,1 Bundesliga,2017,2017/2018,Germany
SC Freiburg,in,2.0,1 Bundesliga,2017,2017/2018,Germany
SC Freiburg,in,0.35,1 Bundesliga,2017,2017/2018,Germany
SV Werder Bremen,in,8.1,1 Bundesliga,2017,2017/2018,Germany
SV Werder Bremen,in,1.0,1 Bundesliga,2017,2017/2018,Germany
FC Schalke 04,in,1.0,1 Bundesliga,2017,2017/2018,Germany
FC Schalke 04,in,0.8,1 Bundesliga,2017,2017/2018,Germany
Eintracht Frankfurt,in,0.4,1 Bundesliga,2017,2017/2018,Germany
1.FSV Mainz 05,in,3.8,1 Bundesliga,2017,2017/2018,Germany
1.FSV Mainz 05,in,0.0,1 Bundesliga,2017,2017/2018,Germany
VfL Wolfsburg,in,8.0,1 Bundesliga,2017,2017/2018,Germany
VfL Wolfsburg,in,1.75,1 Bundesliga,2017,2017/2018,Germany
VfB Stuttgart,in,3.0,1 Bundesliga,2017,2017/2018,Germany
VfB Stuttgart,in,0.5,1 Bundesliga,2017,2017/2018,Germany
VfB Stuttgart,in,0.2,1 Bundesliga,2017,2017/2018,Germany
Hannover 96,in,0.5,1 Bundesliga,2017,2017/2018,Germany
Bayern Munich,in,0.0,1 Bundesliga,2018,2018/2019,Germany
FC Schalke 04,in,16.0,1 Bundesliga,2018,2018/2019,Germany
FC Schalke 04,in,11.0,1 Bundesliga,2018,2018/2019,Germany
FC Schalke 04,in,10.0,1 Bundesliga,2018,2018/2019,Germany
FC Schalke 04,in,7.0,1 Bundesliga,2018,2018/2019,Germany
FC Schalke 04,in,6.0,1 Bundesliga,2018,2018/2019,Germany
FC Schalke 04,in,3.2,1 Bundesliga,2018,2018/2019,Germany
FC Schalke 04,in,0.0,1 Bundesliga,2018,2018/2019,Germany
TSG 1899 Hoffenheim,in,8.0,1 Bundesliga,2018,2018/2019,Germany
TSG 1899 Hoffenheim,in,6.0,1 Bundesliga,2018,2018/2019,Germany
TSG 1899 Hoffenheim,in,5.5,1 Bundesliga,2018,2018/2019,Germany
TSG 1899 Hoffenheim,in,5.5,1 Bundesliga,2018,2018/2019,Germany
TSG 1899 Hoffenheim,in,3.5,1 Bundesliga,2018,2018/2019,Germany
TSG 1899 Hoffenheim,in,0.5,1 Bundesliga,2018,2018/2019,Germany
Borussia Dortmund,in,28.0,1 Bundesliga,2018,2018/2019,Germany
Borussia Dortmund,in,20.0,1 Bundesliga,2018,2018/2019,Germany
Borussia Dortmund,in,20.0,1 Bundesliga,2018,2018/2019,Germany
Borussia Dortmund,in,5.0,1 Bundesliga,2018,2018/2019,Germany
Borussia Dortmund,in,2.0,1 Bundesliga,2018,2018/2019,Germany
Borussia Dortmund,in,0.0,1 Bundesliga,2018,2018/2019,Germany
Borussia Dortmund,in,0.0,1 Bundesliga,2018,2018/2019,Germany
Bayer 04 Leverkusen,in,18.5,1 Bundesliga,2018,2018/2019,Germany
Bayer 04 Leverkusen,in,12.0,1 Bundesliga,2018,2018/2019,Germany
Bayer 04 Leverkusen,in,1.0,1 Bundesliga,2018,2018/2019,Germany
Bayer 04 Leverkusen,in,0.0,1 Bundesliga,2018,2018/2019,Germany
Bayer 04 Leverkusen,in,0.0,1 Bundesliga,2018,2018/2019,Germany
RB Leipzig,in,16.0,1 Bundesliga,2018,2018/2019,Germany
RB Leipzig,in,15.0,1 Bundesliga,2018,2018/2019,Germany
RB Leipzig,in,12.0,1 Bundesliga,2018,2018/2019,Germany
VfB Stuttgart,in,11.26,1 Bundesliga,2018,2018/2019,Germany
VfB Stuttgart,in,9.0,1 Bundesliga,2018,2018/2019,Germany
VfB Stuttgart,in,6.0,1 Bundesliga,2018,2018/2019,Germany
VfB Stuttgart,in,5.0,1 Bundesliga,2018,2018/2019,Germany
VfB Stuttgart,in,2.5,1 Bundesliga,2018,2018/2019,Germany
VfB Stuttgart,in,0.0,1 Bundesliga,2018,2018/2019,Germany
VfB Stuttgart,in,0.0,1 Bundesliga,2018,2018/2019,Germany
Eintracht Frankfurt,in,5.5,1 Bundesliga,2018,2018/2019,Germany
Eintracht Frankfurt,in,5.0,1 Bundesliga,2018,2018/2019,Germany
Eintracht Frankfurt,in,4.5,1 Bundesliga,2018,2018/2019,Germany
Eintracht Frankfurt,in,3.5,1 Bundesliga,2018,2018/2019,Germany
Eintracht Frankfurt,in,3.0,1 Bundesliga,2018,2018/2019,Germany
Eintracht Frankfurt,in,2.8,1 Bundesliga,2018,2018/2019,Germany
Eintracht Frankfurt,in,0.6,1 Bundesliga,2018,2018/2019,Germany
Eintracht Frankfurt,in,0.5,1 Bundesliga,2018,2018/2019,Germany
Eintracht Frankfurt,in,0.2,1 Bundesliga,2018,2018/2019,Germany
Eintracht Frankfurt,in,0.0,1 Bundesliga,2018,2018/2019,Germany
Eintracht Frankfurt,in,0.0,1 Bundesliga,2018,2018/2019,Germany
Borussia Mönchengladbach,in,23.0,1 Bundesliga,2018,2018/2019,Germany
Borussia Mönchengladbach,in,4.5,1 Bundesliga,2018,2018/2019,Germany
Borussia Mönchengladbach,in,2.8,1 Bundesliga,2018,2018/2019,Germany
Borussia Mönchengladbach,in,2.25,1 Bundesliga,2018,2018/2019,Germany
Borussia Mönchengladbach,in,0.0,1 Bundesliga,2018,2018/2019,Germany
Hertha BSC,in,10.5,1 Bundesliga,2018,2018/2019,Germany
Hertha BSC,in,2.0,1 Bundesliga,2018,2018/2019,Germany
Hertha BSC,in,2.0,1 Bundesliga,2018,2018/2019,Germany
Hertha BSC,in,1.0,1 Bundesliga,2018,2018/2019,Germany
Hertha BSC,in,0.5,1 Bundesliga,2018,2018/2019,Germany
Hertha BSC,in,0.0,1 Bundesliga,2018,2018/2019,Germany
SV Werder Bremen,in,13.5,1 Bundesliga,2018,2018/2019,Germany
SV Werder Bremen,in,4.5,1 Bundesliga,2018,2018/2019,Germany
SV Werder Bremen,in,3.0,1 Bundesliga,2018,2018/2019,Germany
SV Werder Bremen,in,2.25,1 Bundesliga,2018,2018/2019,Germany
SV Werder Bremen,in,1.0,1 Bundesliga,2018,2018/2019,Germany
SV Werder Bremen,in,0.3,1 Bundesliga,2018,2018/2019,Germany
SV Werder Bremen,in,0.25,1 Bundesliga,2018,2018/2019,Germany
SV Werder Bremen,in,0.0,1 Bundesliga,2018,2018/2019,Germany
SV Werder Bremen,in,0.0,1 Bundesliga,2018,2018/2019,Germany
FC Augsburg,in,3.0,1 Bundesliga,2018,2018/2019,Germany
FC Augsburg,in,3.0,1 Bundesliga,2018,2018/2019,Germany
FC Augsburg,in,0.0,1 Bundesliga,2018,2018/2019,Germany
FC Augsburg,in,0.0,1 Bundesliga,2018,2018/2019,Germany
Hannover 96,in,6.0,1 Bundesliga,2018,2018/2019,Germany
Hannover 96,in,4.5,1 Bundesliga,2018,2018/2019,Germany
Hannover 96,in,2.5,1 Bundesliga,2018,2018/2019,Germany
Hannover 96,in,1.5,1 Bundesliga,2018,2018/2019,Germany
Hannover 96,in,1.4,1 Bundesliga,2018,2018/2019,Germany
Hannover 96,in,1.2,1 Bundesliga,2018,2018/2019,Germany
Hannover 96,in,1.0,1 Bundesliga,2018,2018/2019,Germany
Hannover 96,in,0.0,1 Bundesliga,2018,2018/2019,Germany
1.FSV Mainz 05,in,8.0,1 Bundesliga,2018,2018/2019,Germany
1.FSV Mainz 05,in,7.5,1 Bundesliga,2018,2018/2019,Germany
1.FSV Mainz 05,in,6.0,1 Bundesliga,2018,2018/2019,Germany
1.FSV Mainz 05,in,3.5,1 Bundesliga,2018,2018/2019,Germany
1.FSV Mainz 05,in,3.0,1 Bundesliga,2018,2018/2019,Germany
1.FSV Mainz 05,in,2.0,1 Bundesliga,2018,2018/2019,Germany
1.FSV Mainz 05,in,0.0,1 Bundesliga,2018,2018/2019,Germany
SC Freiburg,in,5.0,1 Bundesliga,2018,2018/2019,Germany
SC Freiburg,in,4.5,1 Bundesliga,2018,2018/2019,Germany
SC Freiburg,in,3.0,1 Bundesliga,2018,2018/2019,Germany
SC Freiburg,in,2.0,1 Bundesliga,2018,2018/2019,Germany
SC Freiburg,in,2.0,1 Bundesliga,2018,2018/2019,Germany
SC Freiburg,in,1.3,1 Bundesliga,2018,2018/2019,Germany
SC Freiburg,in,0.0,1 Bundesliga,2018,2018/2019,Germany
VfL Wolfsburg,in,10.5,1 Bundesliga,2018,2018/2019,Germany
VfL Wolfsburg,in,10.0,1 Bundesliga,2018,2018/2019,Germany
VfL Wolfsburg,in,7.0,1 Bundesliga,2018,2018/2019,Germany
VfL Wolfsburg,in,5.0,1 Bundesliga,2018,2018/2019,Germany
VfL Wolfsburg,in,3.0,1 Bundesliga,2018,2018/2019,Germany
VfL Wolfsburg,in,0.5,1 Bundesliga,2018,2018/2019,Germany
Fortuna Düsseldorf,in,2.0,1 Bundesliga,2018,2018/2019,Germany
Fortuna Düsseldorf,in,1.5,1 Bundesliga,2018,2018/2019,Germany
Fortuna Düsseldorf,in,0.9,1 Bundesliga,2018,2018/2019,Germany
Fortuna Düsseldorf,in,0.8,1 Bundesliga,2018,2018/2019,Germany
Fortuna Düsseldorf,in,0.75,1 Bundesliga,2018,2018/2019,Germany
Fortuna Düsseldorf,in,0.3,1 Bundesliga,2018,2018/2019,Germany
Fortuna Düsseldorf,in,0.0,1 Bundesliga,2018,2018/2019,Germany
Fortuna Düsseldorf,in,0.0,1 Bundesliga,2018,2018/2019,Germany
Fortuna Düsseldorf,in,0.0,1 Bundesliga,2018,2018/2019,Germany
Fortuna Düsseldorf,in,0.0,1 Bundesliga,2018,2018/2019,Germany
Fortuna Düsseldorf,in,0.0,1 Bundesliga,2018,2018/2019,Germany
1.FC Nuremberg,in,3.0,1 Bundesliga,2018,2018/2019,Germany
1.FC Nuremberg,in,0.5,1 Bundesliga,2018,2018/2019,Germany
1.FC Nuremberg,in,0.5,1 Bundesliga,2018,2018/2019,Germany
1.FC Nuremberg,in,0.5,1 Bundesliga,2018,2018/2019,Germany
1.FC Nuremberg,in,0.2,1 Bundesliga,2018,2018/2019,Germany
1.FC Nuremberg,in,0.15,1 Bundesliga,2018,2018/2019,Germany
1.FC Nuremberg,in,0.0,1 Bundesliga,2018,2018/2019,Germany
1.FC Nuremberg,in,0.0,1 Bundesliga,2018,2018/2019,Germany
1.FC Nuremberg,in,0.0,1 Bundesliga,2018,2018/2019,Germany
Bayern Munich,in,10.0,1 Bundesliga,2018,2018/2019,Germany
FC Schalke 04,in,9.0,1 Bundesliga,2018,2018/2019,Germany
TSG 1899 Hoffenheim,in,3.0,1 Bundesliga,2018,2018/2019,Germany
Borussia Dortmund,in,15.5,1 Bundesliga,2018,2018/2019,Germany
RB Leipzig,in,19.0,1 Bundesliga,2018,2018/2019,Germany
RB Leipzig,in,2.63,1 Bundesliga,2018,2018/2019,Germany
RB Leipzig,in,1.0,1 Bundesliga,2018,2018/2019,Germany
VfB Stuttgart,in,11.0,1 Bundesliga,2018,2018/2019,Germany
VfB Stuttgart,in,0.6,1 Bundesliga,2018,2018/2019,Germany
VfB Stuttgart,in,0.4,1 Bundesliga,2018,2018/2019,Germany
Eintracht Frankfurt,in,1.8,1 Bundesliga,2018,2018/2019,Germany
Eintracht Frankfurt,in,0.8,1 Bundesliga,2018,2018/2019,Germany
Eintracht Frankfurt,in,0.75,1 Bundesliga,2018,2018/2019,Germany
SV Werder Bremen,in,1.0,1 Bundesliga,2018,2018/2019,Germany
FC Augsburg,in,0.5,1 Bundesliga,2018,2018/2019,Germany
FC Augsburg,in,0.15,1 Bundesliga,2018,2018/2019,Germany
Hannover 96,in,0.22,1 Bundesliga,2018,2018/2019,Germany
Hannover 96,in,0.2,1 Bundesliga,2018,2018/2019,Germany
SC Freiburg,in,0.6,1 Bundesliga,2018,2018/2019,Germany
Fortuna Düsseldorf,in,1.25,1 Bundesliga,2018,2018/2019,Germany
Fortuna Düsseldorf,in,0.0,1 Bundesliga,2018,2018/2019,Germany
1.FC Nuremberg,in,0.0,1 Bundesliga,2018,2018/2019,Germany
Bayern Munich,in,80.0,1 Bundesliga,2019,2019/2020,Germany
Bayern Munich,in,35.0,1 Bundesliga,2019,2019/2020,Germany
Bayern Munich,in,8.5,1 Bundesliga,2019,2019/2020,Germany
Bayern Munich,in,8.0,1 Bundesliga,2019,2019/2020,Germany
Bayern Munich,in,5.0,1 Bundesliga,2019,2019/2020,Germany
Bayern Munich,in,3.0,1 Bundesliga,2019,2019/2020,Germany
Borussia Dortmund,in,30.5,1 Bundesliga,2019,2019/2020,Germany
Borussia Dortmund,in,25.5,1 Bundesliga,2019,2019/2020,Germany
Borussia Dortmund,in,25.5,1 Bundesliga,2019,2019/2020,Germany
Borussia Dortmund,in,25.0,1 Bundesliga,2019,2019/2020,Germany
Borussia Dortmund,in,21.0,1 Bundesliga,2019,2019/2020,Germany
Borussia Dortmund,in,0.0,1 Bundesliga,2019,2019/2020,Germany
RB Leipzig,in,18.0,1 Bundesliga,2019,2019/2020,Germany
RB Leipzig,in,13.0,1 Bundesliga,2019,2019/2020,Germany
RB Leipzig,in,12.0,1 Bundesliga,2019,2019/2020,Germany
RB Leipzig,in,8.0,1 Bundesliga,2019,2019/2020,Germany
RB Leipzig,in,3.5,1 Bundesliga,2019,2019/2020,Germany
RB Leipzig,in,0.65,1 Bundesliga,2019,2019/2020,Germany
RB Leipzig,in,0.35,1 Bundesliga,2019,2019/2020,Germany
Bayer 04 Leverkusen,in,32.0,1 Bundesliga,2019,2019/2020,Germany
Bayer 04 Leverkusen,in,15.0,1 Bundesliga,2019,2019/2020,Germany
Bayer 04 Leverkusen,in,9.0,1 Bundesliga,2019,2019/2020,Germany
Bayer 04 Leverkusen,in,5.0,1 Bundesliga,2019,2019/2020,Germany
Borussia Mönchengladbach,in,12.5,1 Bundesliga,2019,2019/2020,Germany
Borussia Mönchengladbach,in,11.0,1 Bundesliga,2019,2019/2020,Germany
Borussia Mönchengladbach,in,9.0,1 Bundesliga,2019,2019/2020,Germany
Borussia Mönchengladbach,in,8.0,1 Bundesliga,2019,2019/2020,Germany
Borussia Mönchengladbach,in,0.0,1 Bundesliga,2019,2019/2020,Germany
VfL Wolfsburg,in,12.0,1 Bundesliga,2019,2019/2020,Germany
VfL Wolfsburg,in,9.2,1 Bundesliga,2019,2019/2020,Germany
VfL Wolfsburg,in,3.5,1 Bundesliga,2019,2019/2020,Germany
VfL Wolfsburg,in,1.1,1 Bundesliga,2019,2019/2020,Germany
Eintracht Frankfurt,in,22.34,1 Bundesliga,2019,2019/2020,Germany
Eintracht Frankfurt,in,10.0,1 Bundesliga,2019,2019/2020,Germany
Eintracht Frankfurt,in,9.0,1 Bundesliga,2019,2019/2020,Germany
Eintracht Frankfurt,in,8.5,1 Bundesliga,2019,2019/2020,Germany
Eintracht Frankfurt,in,7.0,1 Bundesliga,2019,2019/2020,Germany
Eintracht Frankfurt,in,7.0,1 Bundesliga,2019,2019/2020,Germany
Eintracht Frankfurt,in,6.0,1 Bundesliga,2019,2019/2020,Germany
Eintracht Frankfurt,in,4.0,1 Bundesliga,2019,2019/2020,Germany
Eintracht Frankfurt,in,4.0,1 Bundesliga,2019,2019/2020,Germany
Eintracht Frankfurt,in,0.0,1 Bundesliga,2019,2019/2020,Germany
Eintracht Frankfurt,in,0.0,1 Bundesliga,2019,2019/2020,Germany
SV Werder Bremen,in,6.5,1 Bundesliga,2019,2019/2020,Germany
SV Werder Bremen,in,3.5,1 Bundesliga,2019,2019/2020,Germany
SV Werder Bremen,in,1.0,1 Bundesliga,2019,2019/2020,Germany
SV Werder Bremen,in,0.6,1 Bundesliga,2019,2019/2020,Germany
SV Werder Bremen,in,0.6,1 Bundesliga,2019,2019/2020,Germany
SV Werder Bremen,in,0.0,1 Bundesliga,2019,2019/2020,Germany
TSG 1899 Hoffenheim,in,14.0,1 Bundesliga,2019,2019/2020,Germany
TSG 1899 Hoffenheim,in,10.0,1 Bundesliga,2019,2019/2020,Germany
TSG 1899 Hoffenheim,in,8.5,1 Bundesliga,2019,2019/2020,Germany
TSG 1899 Hoffenheim,in,1.5,1 Bundesliga,2019,2019/2020,Germany
TSG 1899 Hoffenheim,in,0.85,1 Bundesliga,2019,2019/2020,Germany
TSG 1899 Hoffenheim,in,0.0,1 Bundesliga,2019,2019/2020,Germany
TSG 1899 Hoffenheim,in,0.0,1 Bundesliga,2019,2019/2020,Germany
Fortuna Düsseldorf,in,2.8,1 Bundesliga,2019,2019/2020,Germany
Fortuna Düsseldorf,in,0.5,1 Bundesliga,2019,2019/2020,Germany
Fortuna Düsseldorf,in,0.5,1 Bundesliga,2019,2019/2020,Germany
Fortuna Düsseldorf,in,0.0,1 Bundesliga,2019,2019/2020,Germany
Fortuna Düsseldorf,in,0.0,1 Bundesliga,2019,2019/2020,Germany
Fortuna Düsseldorf,in,0.0,1 Bundesliga,2019,2019/2020,Germany
Fortuna Düsseldorf,in,0.0,1 Bundesliga,2019,2019/2020,Germany
Hertha BSC,in,20.0,1 Bundesliga,2019,2019/2020,Germany
Hertha BSC,in,7.0,1 Bundesliga,2019,2019/2020,Germany
Hertha BSC,in,2.7,1 Bundesliga,2019,2019/2020,Germany
Hertha BSC,in,2.0,1 Bundesliga,2019,2019/2020,Germany
Hertha BSC,in,2.0,1 Bundesliga,2019,2019/2020,Germany
Hertha BSC,in,0.0,1 Bundesliga,2019,2019/2020,Germany
1.FSV Mainz 05,in,8.0,1 Bundesliga,2019,2019/2020,Germany
1.FSV Mainz 05,in,7.5,1 Bundesliga,2019,2019/2020,Germany
1.FSV Mainz 05,in,6.0,1 Bundesliga,2019,2019/2020,Germany
1.FSV Mainz 05,in,5.5,1 Bundesliga,2019,2019/2020,Germany
1.FSV Mainz 05,in,1.2,1 Bundesliga,2019,2019/2020,Germany
1.FSV Mainz 05,in,0.5,1 Bundesliga,2019,2019/2020,Germany
1.FSV Mainz 05,in,0.0,1 Bundesliga,2019,2019/2020,Germany
1.FSV Mainz 05,in,0.0,1 Bundesliga,2019,2019/2020,Germany
1.FSV Mainz 05,in,0.0,1 Bundesliga,2019,2019/2020,Germany
SC Freiburg,in,7.0,1 Bundesliga,2019,2019/2020,Germany
SC Freiburg,in,4.0,1 Bundesliga,2019,2019/2020,Germany
SC Freiburg,in,2.5,1 Bundesliga,2019,2019/2020,Germany
SC Freiburg,in,2.0,1 Bundesliga,2019,2019/2020,Germany
SC Freiburg,in,2.0,1 Bundesliga,2019,2019/2020,Germany
FC Schalke 04,in,15.0,1 Bundesliga,2019,2019/2020,Germany
FC Schalke 04,in,10.0,1 Bundesliga,2019,2019/2020,Germany
FC Schalke 04,in,2.5,1 Bundesliga,2019,2019/2020,Germany
FC Schalke 04,in,0.0,1 Bundesliga,2019,2019/2020,Germany
FC Augsburg,in,7.5,1 Bundesliga,2019,2019/2020,Germany
FC Augsburg,in,6.5,1 Bundesliga,2019,2019/2020,Germany
FC Augsburg,in,4.0,1 Bundesliga,2019,2019/2020,Germany
FC Augsburg,in,4.0,1 Bundesliga,2019,2019/2020,Germany
FC Augsburg,in,2.5,1 Bundesliga,2019,2019/2020,Germany
FC Augsburg,in,2.0,1 Bundesliga,2019,2019/2020,Germany
FC Augsburg,in,1.7,1 Bundesliga,2019,2019/2020,Germany
FC Augsburg,in,1.5,1 Bundesliga,2019,2019/2020,Germany
FC Augsburg,in,1.0,1 Bundesliga,2019,2019/2020,Germany
FC Augsburg,in,0.8,1 Bundesliga,2019,2019/2020,Germany
FC Augsburg,in,0.0,1 Bundesliga,2019,2019/2020,Germany
FC Augsburg,in,0.0,1 Bundesliga,2019,2019/2020,Germany
1. FC Köln,in,8.25,1 Bundesliga,2019,2019/2020,Germany
1. FC Köln,in,6.0,1 Bundesliga,2019,2019/2020,Germany
1. FC Köln,in,4.0,1 Bundesliga,2019,2019/2020,Germany
1. FC Köln,in,2.0,1 Bundesliga,2019,2019/2020,Germany
1. FC Köln,in,0.0,1 Bundesliga,2019,2019/2020,Germany
1. FC Köln,in,0.0,1 Bundesliga,2019,2019/2020,Germany
SC Paderborn 07,in,0.15,1 Bundesliga,2019,2019/2020,Germany
SC Paderborn 07,in,0.0,1 Bundesliga,2019,2019/2020,Germany
SC Paderborn 07,in,0.0,1 Bundesliga,2019,2019/2020,Germany
SC Paderborn 07,in,0.0,1 Bundesliga,2019,2019/2020,Germany
SC Paderborn 07,in,0.0,1 Bundesliga,2019,2019/2020,Germany
SC Paderborn 07,in,0.0,1 Bundesliga,2019,2019/2020,Germany
SC Paderborn 07,in,0.0,1 Bundesliga,2019,2019/2020,Germany
SC Paderborn 07,in,0.0,1 Bundesliga,2019,2019/2020,Germany
1.FC Union Berlin,in,3.15,1 Bundesliga,2019,2019/2020,Germany
1.FC Union Berlin,in,2.5,1 Bundesliga,2019,2019/2020,Germany
1.FC Union Berlin,in,2.0,1 Bundesliga,2019,2019/2020,Germany
1.FC Union Berlin,in,1.5,1 Bundesliga,2019,2019/2020,Germany
1.FC Union Berlin,in,0.5,1 Bundesliga,2019,2019/2020,Germany
1.FC Union Berlin,in,0.4,1 Bundesliga,2019,2019/2020,Germany
1.FC Union Berlin,in,0.0,1 Bundesliga,2019,2019/2020,Germany
1.FC Union Berlin,in,0.0,1 Bundesliga,2019,2019/2020,Germany
1.FC Union Berlin,in,0.0,1 Bundesliga,2019,2019/2020,Germany
1.FC Union Berlin,in,0.0,1 Bundesliga,2019,2019/2020,Germany
1.FC Union Berlin,in,0.0,1 Bundesliga,2019,2019/2020,Germany
Borussia Dortmund,in,20.0,1 Bundesliga,2019,2019/2020,Germany
Borussia Dortmund,in,1.0,1 Bundesliga,2019,2019/2020,Germany
RB Leipzig,in,29.0,1 Bundesliga,2019,2019/2020,Germany
RB Leipzig,in,2.0,1 Bundesliga,2019,2019/2020,Germany
Bayer 04 Leverkusen,in,20.2,1 Bundesliga,2019,2019/2020,Germany
Bayer 04 Leverkusen,in,17.0,1 Bundesliga,2019,2019/2020,Germany
VfL Wolfsburg,in,9.0,1 Bundesliga,2019,2019/2020,Germany
Eintracht Frankfurt,in,0.5,1 Bundesliga,2019,2019/2020,Germany
SV Werder Bremen,in,1.0,1 Bundesliga,2019,2019/2020,Germany
SV Werder Bremen,in,0.75,1 Bundesliga,2019,2019/2020,Germany
TSG 1899 Hoffenheim,in,12.0,1 Bundesliga,2019,2019/2020,Germany
TSG 1899 Hoffenheim,in,9.0,1 Bundesliga,2019,2019/2020,Germany
TSG 1899 Hoffenheim,in,0.0,1 Bundesliga,2019,2019/2020,Germany
Fortuna Düsseldorf,in,6.75,1 Bundesliga,2019,2019/2020,Germany
Fortuna Düsseldorf,in,0.4,1 Bundesliga,2019,2019/2020,Germany
Fortuna Düsseldorf,in,0.2,1 Bundesliga,2019,2019/2020,Germany
Hertha BSC,in,25.0,1 Bundesliga,2019,2019/2020,Germany
Hertha BSC,in,24.0,1 Bundesliga,2019,2019/2020,Germany
Hertha BSC,in,18.0,1 Bundesliga,2019,2019/2020,Germany
Hertha BSC,in,10.0,1 Bundesliga,2019,2019/2020,Germany
FC Schalke 04,in,1.5,1 Bundesliga,2019,2019/2020,Germany
FC Schalke 04,in,0.5,1 Bundesliga,2019,2019/2020,Germany
SC Paderborn 07,in,0.4,1 Bundesliga,2019,2019/2020,Germany
SC Paderborn 07,in,0.2,1 Bundesliga,2019,2019/2020,Germany
Bayern Munich,in,60.0,1 Bundesliga,2020,2020/2021,Germany
Bayern Munich,in,9.0,1 Bundesliga,2020,2020/2021,Germany
Bayern Munich,in,8.0,1 Bundesliga,2020,2020/2021,Germany
Bayern Munich,in,0.25,1 Bundesliga,2020,2020/2021,Germany
Bayern Munich,in,0.0,1 Bundesliga,2020,2020/2021,Germany
Bayern Munich,in,0.0,1 Bundesliga,2020,2020/2021,Germany
Bayern Munich,in,0.0,1 Bundesliga,2020,2020/2021,Germany
Borussia Dortmund,in,25.0,1 Bundesliga,2020,2020/2021,Germany
Borussia Dortmund,in,25.0,1 Bundesliga,2020,2020/2021,Germany
Borussia Dortmund,in,0.0,1 Bundesliga,2020,2020/2021,Germany
RB Leipzig,in,20.0,1 Bundesliga,2020,2020/2021,Germany
RB Leipzig,in,12.0,1 Bundesliga,2020,2020/2021,Germany
RB Leipzig,in,2.5,1 Bundesliga,2020,2020/2021,Germany
RB Leipzig,in,1.0,1 Bundesliga,2020,2020/2021,Germany
RB Leipzig,in,0.5,1 Bundesliga,2020,2020/2021,Germany
Borussia Mönchengladbach,in,1.5,1 Bundesliga,2020,2020/2021,Germany
Borussia Mönchengladbach,in,1.2,1 Bundesliga,2020,2020/2021,Germany
Bayer 04 Leverkusen,in,26.5,1 Bundesliga,2020,2020/2021,Germany
Bayer 04 Leverkusen,in,3.0,1 Bundesliga,2020,2020/2021,Germany
Bayer 04 Leverkusen,in,2.0,1 Bundesliga,2020,2020/2021,Germany
TSG 1899 Hoffenheim,in,3.0,1 Bundesliga,2020,2020/2021,Germany
VfL Wolfsburg,in,10.0,1 Bundesliga,2020,2020/2021,Germany
VfL Wolfsburg,in,5.0,1 Bundesliga,2020,2020/2021,Germany
VfL Wolfsburg,in,5.0,1 Bundesliga,2020,2020/2021,Germany
VfL Wolfsburg,in,2.0,1 Bundesliga,2020,2020/2021,Germany
SC Freiburg,in,10.0,1 Bundesliga,2020,2020/2021,Germany
SC Freiburg,in,3.7,1 Bundesliga,2020,2020/2021,Germany
SC Freiburg,in,0.45,1 Bundesliga,2020,2020/2021,Germany
SC Freiburg,in,0.2,1 Bundesliga,2020,2020/2021,Germany
SC Freiburg,in,0.0,1 Bundesliga,2020,2020/2021,Germany
Eintracht Frankfurt,in,3.0,1 Bundesliga,2020,2020/2021,Germany
Eintracht Frankfurt,in,3.0,1 Bundesliga,2020,2020/2021,Germany
Eintracht Frankfurt,in,2.0,1 Bundesliga,2020,2020/2021,Germany
Eintracht Frankfurt,in,1.0,1 Bundesliga,2020,2020/2021,Germany
Eintracht Frankfurt,in,0.75,1 Bundesliga,2020,2020/2021,Germany
Hertha BSC,in,15.0,1 Bundesliga,2020,2020/2021,Germany
Hertha BSC,in,7.0,1 Bundesliga,2020,2020/2021,Germany
Hertha BSC,in,4.0,1 Bundesliga,2020,2020/2021,Germany
Hertha BSC,in,4.0,1 Bundesliga,2020,2020/2021,Germany
Hertha BSC,in,1.0,1 Bundesliga,2020,2020/2021,Germany
1.FC Union Berlin,in,1.5,1 Bundesliga,2020,2020/2021,Germany
1.FC Union Berlin,in,0.0,1 Bundesliga,2020,2020/2021,Germany
1.FC Union Berlin,in,0.0,1 Bundesliga,2020,2020/2021,Germany
1.FC Union Berlin,in,0.0,1 Bundesliga,2020,2020/2021,Germany
1.FC Union Berlin,in,0.0,1 Bundesliga,2020,2020/2021,Germany
1.FC Union Berlin,in,0.0,1 Bundesliga,2020,2020/2021,Germany
FC Schalke 04,in,2.0,1 Bundesliga,2020,2020/2021,Germany
FC Schalke 04,in,0.0,1 Bundesliga,2020,2020/2021,Germany
1.FSV Mainz 05,in,2.0,1 Bundesliga,2020,2020/2021,Germany
1.FSV Mainz 05,in,0.0,1 Bundesliga,2020,2020/2021,Germany
1. FC Köln,in,7.0,1 Bundesliga,2020,2020/2021,Germany
1. FC Köln,in,6.5,1 Bundesliga,2020,2020/2021,Germany
1. FC Köln,in,3.3,1 Bundesliga,2020,2020/2021,Germany
1. FC Köln,in,0.5,1 Bundesliga,2020,2020/2021,Germany
FC Augsburg,in,7.0,1 Bundesliga,2020,2020/2021,Germany
FC Augsburg,in,2.0,1 Bundesliga,2020,2020/2021,Germany
FC Augsburg,in,1.3,1 Bundesliga,2020,2020/2021,Germany
FC Augsburg,in,0.0,1 Bundesliga,2020,2020/2021,Germany
FC Augsburg,in,0.0,1 Bundesliga,2020,2020/2021,Germany
FC Augsburg,in,0.0,1 Bundesliga,2020,2020/2021,Germany
SV Werder Bremen,in,7.0,1 Bundesliga,2020,2020/2021,Germany
SV Werder Bremen,in,4.0,1 Bundesliga,2020,2020/2021,Germany
SV Werder Bremen,in,0.0,1 Bundesliga,2020,2020/2021,Germany
SV Werder Bremen,in,0.0,1 Bundesliga,2020,2020/2021,Germany
SV Werder Bremen,in,0.0,1 Bundesliga,2020,2020/2021,Germany
Arminia Bielefeld,in,0.5,1 Bundesliga,2020,2020/2021,Germany
Arminia Bielefeld,in,0.0,1 Bundesliga,2020,2020/2021,Germany
Arminia Bielefeld,in,0.0,1 Bundesliga,2020,2020/2021,Germany
Arminia Bielefeld,in,0.0,1 Bundesliga,2020,2020/2021,Germany
Arminia Bielefeld,in,0.0,1 Bundesliga,2020,2020/2021,Germany
Arminia Bielefeld,in,0.0,1 Bundesliga,2020,2020/2021,Germany
VfB Stuttgart,in,7.2,1 Bundesliga,2020,2020/2021,Germany
VfB Stuttgart,in,4.0,1 Bundesliga,2020,2020/2021,Germany
VfB Stuttgart,in,1.7,1 Bundesliga,2020,2020/2021,Germany
VfB Stuttgart,in,1.3,1 Bundesliga,2020,2020/2021,Germany
VfB Stuttgart,in,0.75,1 Bundesliga,2020,2020/2021,Germany
VfB Stuttgart,in,0.0,1 Bundesliga,2020,2020/2021,Germany
RB Leipzig,in,22.0,1 Bundesliga,2020,2020/2021,Germany
Borussia Mönchengladbach,in,9.0,1 Bundesliga,2020,2020/2021,Germany
Borussia Mönchengladbach,in,1.8,1 Bundesliga,2020,2020/2021,Germany
Bayer 04 Leverkusen,in,11.0,1 Bundesliga,2020,2020/2021,Germany
Bayer 04 Leverkusen,in,2.0,1 Bundesliga,2020,2020/2021,Germany
Bayer 04 Leverkusen,in,1.7,1 Bundesliga,2020,2020/2021,Germany
TSG 1899 Hoffenheim,in,0.75,1 Bundesliga,2020,2020/2021,Germany
TSG 1899 Hoffenheim,in,0.25,1 Bundesliga,2020,2020/2021,Germany
Eintracht Frankfurt,in,1.0,1 Bundesliga,2020,2020/2021,Germany
Hertha BSC,in,0.25,1 Bundesliga,2020,2020/2021,Germany
Hertha BSC,in,0.0,1 Bundesliga,2020,2020/2021,Germany
1.FC Union Berlin,in,0.2,1 Bundesliga,2020,2020/2021,Germany
FC Schalke 04,in,0.0,1 Bundesliga,2020,2020/2021,Germany
FC Schalke 04,in,0.0,1 Bundesliga,2020,2020/2021,Germany
1. FC Köln,in,1.2,1 Bundesliga,2020,2020/2021,Germany
1. FC Köln,in,0.0,1 Bundesliga,2020,2020/2021,Germany
Bayern Munich,in,42.5,1 Bundesliga,2021,2021/2022,Germany
Bayern Munich,in,15.0,1 Bundesliga,2021,2021/2022,Germany
Bayern Munich,in,0.0,1 Bundesliga,2021,2021/2022,Germany
Bayern Munich,in,0.0,1 Bundesliga,2021,2021/2022,Germany
RB Leipzig,in,23.0,1 Bundesliga,2021,2021/2022,Germany
RB Leipzig,in,18.8,1 Bundesliga,2021,2021/2022,Germany
RB Leipzig,in,18.0,1 Bundesliga,2021,2021/2022,Germany
RB Leipzig,in,16.0,1 Bundesliga,2021,2021/2022,Germany
RB Leipzig,in,15.0,1 Bundesliga,2021,2021/2022,Germany
RB Leipzig,in,15.0,1 Bundesliga,2021,2021/2022,Germany
RB Leipzig,in,1.82,1 Bundesliga,2021,2021/2022,Germany
RB Leipzig,in,0.0,1 Bundesliga,2021,2021/2022,Germany
Borussia Dortmund,in,30.0,1 Bundesliga,2021,2021/2022,Germany
Borussia Dortmund,in,15.0,1 Bundesliga,2021,2021/2022,Germany
VfL Wolfsburg,in,13.5,1 Bundesliga,2021,2021/2022,Germany
VfL Wolfsburg,in,12.0,1 Bundesliga,2021,2021/2022,Germany
VfL Wolfsburg,in,8.0,1 Bundesliga,2021,2021/2022,Germany
VfL Wolfsburg,in,8.0,1 Bundesliga,2021,2021/2022,Germany
VfL Wolfsburg,in,7.5,1 Bundesliga,2021,2021/2022,Germany
VfL Wolfsburg,in,3.5,1 Bundesliga,2021,2021/2022,Germany
VfL Wolfsburg,in,0.0,1 Bundesliga,2021,2021/2022,Germany
Eintracht Frankfurt,in,7.0,1 Bundesliga,2021,2021/2022,Germany
Eintracht Frankfurt,in,3.6,1 Bundesliga,2021,2021/2022,Germany
Eintracht Frankfurt,in,2.0,1 Bundesliga,2021,2021/2022,Germany
Eintracht Frankfurt,in,0.5,1 Bundesliga,2021,2021/2022,Germany
Eintracht Frankfurt,in,0.25,1 Bundesliga,2021,2021/2022,Germany
Eintracht Frankfurt,in,0.1,1 Bundesliga,2021,2021/2022,Germany
Eintracht Frankfurt,in,0.0,1 Bundesliga,2021,2021/2022,Germany
Eintracht Frankfurt,in,0.0,1 Bundesliga,2021,2021/2022,Germany
Eintracht Frankfurt,in,0.0,1 Bundesliga,2021,2021/2022,Germany
Bayer 04 Leverkusen,in,23.0,1 Bundesliga,2021,2021/2022,Germany
Bayer 04 Leverkusen,in,7.5,1 Bundesliga,2021,2021/2022,Germany
Bayer 04 Leverkusen,in,7.0,1 Bundesliga,2021,2021/2022,Germany
Bayer 04 Leverkusen,in,6.5,1 Bundesliga,2021,2021/2022,Germany
Bayer 04 Leverkusen,in,6.35,1 Bundesliga,2021,2021/2022,Germany
Bayer 04 Leverkusen,in,2.5,1 Bundesliga,2021,2021/2022,Germany
Bayer 04 Leverkusen,in,0.0,1 Bundesliga,2021,2021/2022,Germany
1.FC Union Berlin,in,8.55,1 Bundesliga,2021,2021/2022,Germany
1.FC Union Berlin,in,2.5,1 Bundesliga,2021,2021/2022,Germany
1.FC Union Berlin,in,1.5,1 Bundesliga,2021,2021/2022,Germany
1.FC Union Berlin,in,1.0,1 Bundesliga,2021,2021/2022,Germany
1.FC Union Berlin,in,1.0,1 Bundesliga,2021,2021/2022,Germany
1.FC Union Berlin,in,0.9,1 Bundesliga,2021,2021/2022,Germany
1.FC Union Berlin,in,0.5,1 Bundesliga,2021,2021/2022,Germany
1.FC Union Berlin,in,0.5,1 Bundesliga,2021,2021/2022,Germany
1.FC Union Berlin,in,0.0,1 Bundesliga,2021,2021/2022,Germany
1.FC Union Berlin,in,0.0,1 Bundesliga,2021,2021/2022,Germany
1.FC Union Berlin,in,0.0,1 Bundesliga,2021,2021/2022,Germany
1.FC Union Berlin,in,0.0,1 Bundesliga,2021,2021/2022,Germany
1.FC Union Berlin,in,0.0,1 Bundesliga,2021,2021/2022,Germany
1.FC Union Berlin,in,0.0,1 Bundesliga,2021,2021/2022,Germany
1.FC Union Berlin,in,0.0,1 Bundesliga,2021,2021/2022,Germany
1.FC Union Berlin,in,0.0,1 Bundesliga,2021,2021/2022,Germany
Borussia Mönchengladbach,in,9.5,1 Bundesliga,2021,2021/2022,Germany
Borussia Mönchengladbach,in,2.0,1 Bundesliga,2021,2021/2022,Germany
VfB Stuttgart,in,5.0,1 Bundesliga,2021,2021/2022,Germany
VfB Stuttgart,in,3.5,1 Bundesliga,2021,2021/2022,Germany
VfB Stuttgart,in,2.5,1 Bundesliga,2021,2021/2022,Germany
VfB Stuttgart,in,1.75,1 Bundesliga,2021,2021/2022,Germany
VfB Stuttgart,in,1.5,1 Bundesliga,2021,2021/2022,Germany
VfB Stuttgart,in,0.1,1 Bundesliga,2021,2021/2022,Germany
VfB Stuttgart,in,0.0,1 Bundesliga,2021,2021/2022,Germany
SC Freiburg,in,5.0,1 Bundesliga,2021,2021/2022,Germany
TSG 1899 Hoffenheim,in,0.0,1 Bundesliga,2021,2021/2022,Germany
TSG 1899 Hoffenheim,in,0.0,1 Bundesliga,2021,2021/2022,Germany
TSG 1899 Hoffenheim,in,0.0,1 Bundesliga,2021,2021/2022,Germany
1.FSV Mainz 05,in,3.5,1 Bundesliga,2021,2021/2022,Germany
1.FSV Mainz 05,in,2.5,1 Bundesliga,2021,2021/2022,Germany
1.FSV Mainz 05,in,0.6,1 Bundesliga,2021,2021/2022,Germany
1.FSV Mainz 05,in,0.0,1 Bundesliga,2021,2021/2022,Germany
1.FSV Mainz 05,in,0.0,1 Bundesliga,2021,2021/2022,Germany
FC Augsburg,in,7.0,1 Bundesliga,2021,2021/2022,Germany
FC Augsburg,in,0.5,1 Bundesliga,2021,2021/2022,Germany
FC Augsburg,in,0.2,1 Bundesliga,2021,2021/2022,Germany
FC Augsburg,in,0.0,1 Bundesliga,2021,2021/2022,Germany
Hertha BSC,in,8.0,1 Bundesliga,2021,2021/2022,Germany
Hertha BSC,in,7.1,1 Bundesliga,2021,2021/2022,Germany
Hertha BSC,in,4.0,1 Bundesliga,2021,2021/2022,Germany
Hertha BSC,in,3.0,1 Bundesliga,2021,2021/2022,Germany
Hertha BSC,in,3.0,1 Bundesliga,2021,2021/2022,Germany
Hertha BSC,in,0.5,1 Bundesliga,2021,2021/2022,Germany
Hertha BSC,in,0.0,1 Bundesliga,2021,2021/2022,Germany
Hertha BSC,in,0.0,1 Bundesliga,2021,2021/2022,Germany
Arminia Bielefeld,in,2.5,1 Bundesliga,2021,2021/2022,Germany
Arminia Bielefeld,in,1.2,1 Bundesliga,2021,2021/2022,Germany
Arminia Bielefeld,in,1.0,1 Bundesliga,2021,2021/2022,Germany
Arminia Bielefeld,in,1.0,1 Bundesliga,2021,2021/2022,Germany
Arminia Bielefeld,in,0.8,1 Bundesliga,2021,2021/2022,Germany
Arminia Bielefeld,in,0.7,1 Bundesliga,2021,2021/2022,Germany
Arminia Bielefeld,in,0.3,1 Bundesliga,2021,2021/2022,Germany
Arminia Bielefeld,in,0.085,1 Bundesliga,2021,2021/2022,Germany
Arminia Bielefeld,in,0.0,1 Bundesliga,2021,2021/2022,Germany
Arminia Bielefeld,in,0.0,1 Bundesliga,2021,2021/2022,Germany
Arminia Bielefeld,in,0.0,1 Bundesliga,2021,2021/2022,Germany
1. FC Köln,in,0.25,1 Bundesliga,2021,2021/2022,Germany
1. FC Köln,in,0.0,1 Bundesliga,2021,2021/2022,Germany
1. FC Köln,in,0.0,1 Bundesliga,2021,2021/2022,Germany
1. FC Köln,in,0.0,1 Bundesliga,2021,2021/2022,Germany
1. FC Köln,in,0.0,1 Bundesliga,2021,2021/2022,Germany
VfL Bochum,in,0.0,1 Bundesliga,2021,2021/2022,Germany
VfL Bochum,in,0.0,1 Bundesliga,2021,2021/2022,Germany
VfL Bochum,in,0.0,1 Bundesliga,2021,2021/2022,Germany
VfL Bochum,in,0.0,1 Bundesliga,2021,2021/2022,Germany
SpVgg Greuther Fürth,in,0.75,1 Bundesliga,2021,2021/2022,Germany
SpVgg Greuther Fürth,in,0.3,1 Bundesliga,2021,2021/2022,Germany
SpVgg Greuther Fürth,in,0.25,1 Bundesliga,2021,2021/2022,Germany
SpVgg Greuther Fürth,in,0.0,1 Bundesliga,2021,2021/2022,Germany
SpVgg Greuther Fürth,in,0.0,1 Bundesliga,2021,2021/2022,Germany
SpVgg Greuther Fürth,in,0.0,1 Bundesliga,2021,2021/2022,Germany
SpVgg Greuther Fürth,in,0.0,1 Bundesliga,2021,2021/2022,Germany
VfL Wolfsburg,in,12.0,1 Bundesliga,2021,2021/2022,Germany
VfL Wolfsburg,in,6.68,1 Bundesliga,2021,2021/2022,Germany
VfL Wolfsburg,in,5.0,1 Bundesliga,2021,2021/2022,Germany
Eintracht Frankfurt,in,0.4,1 Bundesliga,2021,2021/2022,Germany
Bayer 04 Leverkusen,in,2.5,1 Bundesliga,2021,2021/2022,Germany
1.FC Union Berlin,in,2.5,1 Bundesliga,2021,2021/2022,Germany
1.FC Union Berlin,in,1.0,1 Bundesliga,2021,2021/2022,Germany
1.FC Union Berlin,in,0.15,1 Bundesliga,2021,2021/2022,Germany
Borussia Mönchengladbach,in,5.5,1 Bundesliga,2021,2021/2022,Germany
VfB Stuttgart,in,0.5,1 Bundesliga,2021,2021/2022,Germany
SC Freiburg,in,4.5,1 Bundesliga,2021,2021/2022,Germany
1.FSV Mainz 05,in,0.3,1 Bundesliga,2021,2021/2022,Germany
FC Augsburg,in,16.36,1 Bundesliga,2021,2021/2022,Germany
Hertha BSC,in,0.8,1 Bundesliga,2021,2021/2022,Germany
Hertha BSC,in,0.5,1 Bundesliga,2021,2021/2022,Germany
Hertha BSC,in,0.5,1 Bundesliga,2021,2021/2022,Germany
Hertha BSC,in,0.0,1 Bundesliga,2021,2021/2022,Germany
Arminia Bielefeld,in,1.8,1 Bundesliga,2021,2021/2022,Germany
Arminia Bielefeld,in,0.5,1 Bundesliga,2021,2021/2022,Germany
1. FC Köln,in,0.3,1 Bundesliga,2021,2021/2022,Germany
VfL Bochum,in,0.0,1 Bundesliga,2021,2021/2022,Germany
SpVgg Greuther Fürth,in,0.1,1 Bundesliga,2021,2021/2022,Germany
SpVgg Greuther Fürth,in,0.0,1 Bundesliga,2021,2021/2022,Germany
SpVgg Greuther Fürth,in,0.0,1 Bundesliga,2021,2021/2022,Germany
Bayern Munich,in,67.0,1 Bundesliga,2022,2022/2023,Germany
Bayern Munich,in,32.0,1 Bundesliga,2022,2022/2023,Germany
Bayern Munich,in,20.0,1 Bundesliga,2022,2022/2023,Germany
Bayern Munich,in,18.5,1 Bundesliga,2022,2022/2023,Germany
Bayern Munich,in,0.0,1 Bundesliga,2022,2022/2023,Germany
Borussia Dortmund,in,31.0,1 Bundesliga,2022,2022/2023,Germany
Borussia Dortmund,in,30.0,1 Bundesliga,2022,2022/2023,Germany
Borussia Dortmund,in,20.0,1 Bundesliga,2022,2022/2023,Germany
Borussia Dortmund,in,5.1,1 Bundesliga,2022,2022/2023,Germany
Borussia Dortmund,in,5.0,1 Bundesliga,2022,2022/2023,Germany
Borussia Dortmund,in,0.0,1 Bundesliga,2022,2022/2023,Germany
Borussia Dortmund,in,0.0,1 Bundesliga,2022,2022/2023,Germany
Borussia Dortmund,in,0.0,1 Bundesliga,2022,2022/2023,Germany
Bayer 04 Leverkusen,in,13.0,1 Bundesliga,2022,2022/2023,Germany
RB Leipzig,in,26.0,1 Bundesliga,2022,2022/2023,Germany
RB Leipzig,in,20.0,1 Bundesliga,2022,2022/2023,Germany
RB Leipzig,in,12.0,1 Bundesliga,2022,2022/2023,Germany
RB Leipzig,in,1.5,1 Bundesliga,2022,2022/2023,Germany
RB Leipzig,in,0.0,1 Bundesliga,2022,2022/2023,Germany
1.FC Union Berlin,in,6.0,1 Bundesliga,2022,2022/2023,Germany
1.FC Union Berlin,in,4.0,1 Bundesliga,2022,2022/2023,Germany
1.FC Union Berlin,in,3.0,1 Bundesliga,2022,2022/2023,Germany
1.FC Union Berlin,in,0.5,1 Bundesliga,2022,2022/2023,Germany
1.FC Union Berlin,in,0.0,1 Bundesliga,2022,2022/2023,Germany
1.FC Union Berlin,in,0.0,1 Bundesliga,2022,2022/2023,Germany
1.FC Union Berlin,in,0.0,1 Bundesliga,2022,2022/2023,Germany
1.FC Union Berlin,in,0.0,1 Bundesliga,2022,2022/2023,Germany
1.FC Union Berlin,in,0.0,1 Bundesliga,2022,2022/2023,Germany
SC Freiburg,in,8.5,1 Bundesliga,2022,2022/2023,Germany
SC Freiburg,in,4.5,1 Bundesliga,2022,2022/2023,Germany
SC Freiburg,in,2.9,1 Bundesliga,2022,2022/2023,Germany
SC Freiburg,in,0.0,1 Bundesliga,2022,2022/2023,Germany
SC Freiburg,in,0.0,1 Bundesliga,2022,2022/2023,Germany
1. FC Köln,in,2.0,1 Bundesliga,2022,2022/2023,Germany
1. FC Köln,in,1.5,1 Bundesliga,2022,2022/2023,Germany
1. FC Köln,in,1.2,1 Bundesliga,2022,2022/2023,Germany
1. FC Köln,in,1.2,1 Bundesliga,2022,2022/2023,Germany
1. FC Köln,in,0.5,1 Bundesliga,2022,2022/2023,Germany
1. FC Köln,in,0.05,1 Bundesliga,2022,2022/2023,Germany
1. FC Köln,in,0.0,1 Bundesliga,2022,2022/2023,Germany
1. FC Köln,in,0.0,1 Bundesliga,2022,2022/2023,Germany
1.FSV Mainz 05,in,6.0,1 Bundesliga,2022,2022/2023,Germany
1.FSV Mainz 05,in,3.5,1 Bundesliga,2022,2022/2023,Germany
1.FSV Mainz 05,in,2.3,1 Bundesliga,2022,2022/2023,Germany
1.FSV Mainz 05,in,2.0,1 Bundesliga,2022,2022/2023,Germany
1.FSV Mainz 05,in,1.5,1 Bundesliga,2022,2022/2023,Germany
1.FSV Mainz 05,in,0.0,1 Bundesliga,2022,2022/2023,Germany
1.FSV Mainz 05,in,0.0,1 Bundesliga,2022,2022/2023,Germany
1.FSV Mainz 05,in,0.0,1 Bundesliga,2022,2022/2023,Germany
TSG 1899 Hoffenheim,in,12.0,1 Bundesliga,2022,2022/2023,Germany
TSG 1899 Hoffenheim,in,5.0,1 Bundesliga,2022,2022/2023,Germany
TSG 1899 Hoffenheim,in,0.5,1 Bundesliga,2022,2022/2023,Germany
TSG 1899 Hoffenheim,in,0.0,1 Bundesliga,2022,2022/2023,Germany
TSG 1899 Hoffenheim,in,0.0,1 Bundesliga,2022,2022/2023,Germany
Borussia Mönchengladbach,in,8.0,1 Bundesliga,2022,2022/2023,Germany
Borussia Mönchengladbach,in,5.0,1 Bundesliga,2022,2022/2023,Germany
Borussia Mönchengladbach,in,2.0,1 Bundesliga,2022,2022/2023,Germany
Eintracht Frankfurt,in,10.0,1 Bundesliga,2022,2022/2023,Germany
Eintracht Frankfurt,in,6.0,1 Bundesliga,2022,2022/2023,Germany
Eintracht Frankfurt,in,4.0,1 Bundesliga,2022,2022/2023,Germany
Eintracht Frankfurt,in,3.5,1 Bundesliga,2022,2022/2023,Germany
Eintracht Frankfurt,in,2.5,1 Bundesliga,2022,2022/2023,Germany
Eintracht Frankfurt,in,0.0,1 Bundesliga,2022,2022/2023,Germany
Eintracht Frankfurt,in,0.0,1 Bundesliga,2022,2022/2023,Germany
Eintracht Frankfurt,in,0.0,1 Bundesliga,2022,2022/2023,Germany
Eintracht Frankfurt,in,0.0,1 Bundesliga,2022,2022/2023,Germany
Eintracht Frankfurt,in,0.0,1 Bundesliga,2022,2022/2023,Germany
VfL Wolfsburg,in,10.0,1 Bundesliga,2022,2022/2023,Germany
VfL Wolfsburg,in,9.0,1 Bundesliga,2022,2022/2023,Germany
VfL Wolfsburg,in,7.5,1 Bundesliga,2022,2022/2023,Germany
VfL Wolfsburg,in,5.0,1 Bundesliga,2022,2022/2023,Germany
VfL Wolfsburg,in,2.5,1 Bundesliga,2022,2022/2023,Germany
VfL Wolfsburg,in,1.25,1 Bundesliga,2022,2022/2023,Germany
VfL Bochum,in,0.6,1 Bundesliga,2022,2022/2023,Germany
VfL Bochum,in,0.5,1 Bundesliga,2022,2022/2023,Germany
VfL Bochum,in,0.25,1 Bundesliga,2022,2022/2023,Germany
VfL Bochum,in,0.0,1 Bundesliga,2022,2022/2023,Germany
VfL Bochum,in,0.0,1 Bundesliga,2022,2022/2023,Germany
VfL Bochum,in,0.0,1 Bundesliga,2022,2022/2023,Germany
VfL Bochum,in,0.0,1 Bundesliga,2022,2022/2023,Germany
VfL Bochum,in,0.0,1 Bundesliga,2022,2022/2023,Germany
VfL Bochum,in,0.0,1 Bundesliga,2022,2022/2023,Germany
FC Augsburg,in,5.0,1 Bundesliga,2022,2022/2023,Germany
FC Augsburg,in,1.7,1 Bundesliga,2022,2022/2023,Germany
FC Augsburg,in,0.3,1 Bundesliga,2022,2022/2023,Germany
FC Augsburg,in,0.0,1 Bundesliga,2022,2022/2023,Germany
FC Augsburg,in,0.0,1 Bundesliga,2022,2022/2023,Germany
FC Augsburg,in,0.0,1 Bundesliga,2022,2022/2023,Germany
VfB Stuttgart,in,3.5,1 Bundesliga,2022,2022/2023,Germany
VfB Stuttgart,in,3.2,1 Bundesliga,2022,2022/2023,Germany
VfB Stuttgart,in,2.85,1 Bundesliga,2022,2022/2023,Germany
VfB Stuttgart,in,2.4,1 Bundesliga,2022,2022/2023,Germany
VfB Stuttgart,in,0.4,1 Bundesliga,2022,2022/2023,Germany
Hertha BSC,in,4.0,1 Bundesliga,2022,2022/2023,Germany
Hertha BSC,in,2.0,1 Bundesliga,2022,2022/2023,Germany
Hertha BSC,in,0.4,1 Bundesliga,2022,2022/2023,Germany
Hertha BSC,in,0.0,1 Bundesliga,2022,2022/2023,Germany
Hertha BSC,in,0.0,1 Bundesliga,2022,2022/2023,Germany
Hertha BSC,in,0.0,1 Bundesliga,2022,2022/2023,Germany
FC Schalke 04,in,2.0,1 Bundesliga,2022,2022/2023,Germany
FC Schalke 04,in,1.5,1 Bundesliga,2022,2022/2023,Germany
FC Schalke 04,in,1.5,1 Bundesliga,2022,2022/2023,Germany
FC Schalke 04,in,1.1,1 Bundesliga,2022,2022/2023,Germany
FC Schalke 04,in,0.6,1 Bundesliga,2022,2022/2023,Germany
FC Schalke 04,in,0.5,1 Bundesliga,2022,2022/2023,Germany
FC Schalke 04,in,0.5,1 Bundesliga,2022,2022/2023,Germany
FC Schalke 04,in,0.3,1 Bundesliga,2022,2022/2023,Germany
FC Schalke 04,in,0.18,1 Bundesliga,2022,2022/2023,Germany
FC Schalke 04,in,0.0,1 Bundesliga,2022,2022/2023,Germany
FC Schalke 04,in,0.0,1 Bundesliga,2022,2022/2023,Germany
FC Schalke 04,in,0.0,1 Bundesliga,2022,2022/2023,Germany
FC Schalke 04,in,0.0,1 Bundesliga,2022,2022/2023,Germany
FC Schalke 04,in,0.0,1 Bundesliga,2022,2022/2023,Germany
FC Schalke 04,in,0.0,1 Bundesliga,2022,2022/2023,Germany
SV Werder Bremen,in,4.0,1 Bundesliga,2022,2022/2023,Germany
SV Werder Bremen,in,0.0,1 Bundesliga,2022,2022/2023,Germany
SV Werder Bremen,in,0.0,1 Bundesliga,2022,2022/2023,Germany
SV Werder Bremen,in,0.0,1 Bundesliga,2022,2022/2023,Germany
SV Werder Bremen,in,0.0,1 Bundesliga,2022,2022/2023,Germany
SV Werder Bremen,in,0.0,1 Bundesliga,2022,2022/2023,Germany
SV Werder Bremen,in,0.0,1 Bundesliga,2022,2022/2023,Germany
Bayern Munich,in,8.0,1 Bundesliga,2022,2022/2023,Germany
Bayern Munich,in,0.0,1 Bundesliga,2022,2022/2023,Germany
Borussia Dortmund,in,8.5,1 Bundesliga,2022,2022/2023,Germany
Borussia Dortmund,in,5.0,1 Bundesliga,2022,2022/2023,Germany
Bayer 04 Leverkusen,in,2.0,1 Bundesliga,2022,2022/2023,Germany
Bayer 04 Leverkusen,in,0.1,1 Bundesliga,2022,2022/2023,Germany
Bayer 04 Leverkusen,in,0.0,1 Bundesliga,2022,2022/2023,Germany
1.FC Union Berlin,in,8.55,1 Bundesliga,2022,2022/2023,Germany
1.FC Union Berlin,in,2.6,1 Bundesliga,2022,2022/2023,Germany
1. FC Köln,in,0.0,1 Bundesliga,2022,2022/2023,Germany
1.FSV Mainz 05,in,6.0,1 Bundesliga,2022,2022/2023,Germany
1.FSV Mainz 05,in,2.5,1 Bundesliga,2022,2022/2023,Germany
TSG 1899 Hoffenheim,in,0.3,1 Bundesliga,2022,2022/2023,Germany
Borussia Mönchengladbach,in,9.0,1 Bundesliga,2022,2022/2023,Germany
Eintracht Frankfurt,in,4.0,1 Bundesliga,2022,2022/2023,Germany
Eintracht Frankfurt,in,0.6,1 Bundesliga,2022,2022/2023,Germany
VfL Wolfsburg,in,0.5,1 Bundesliga,2022,2022/2023,Germany
VfL Bochum,in,0.135,1 Bundesliga,2022,2022/2023,Germany
FC Augsburg,in,3.0,1 Bundesliga,2022,2022/2023,Germany
FC Augsburg,in,0.65,1 Bundesliga,2022,2022/2023,Germany
FC Augsburg,in,0.5,1 Bundesliga,2022,2022/2023,Germany
FC Augsburg,in,0.2,1 Bundesliga,2022,2022/2023,Germany
FC Augsburg,in,0.1,1 Bundesliga,2022,2022/2023,Germany
FC Augsburg,in,0.0,1 Bundesliga,2022,2022/2023,Germany
VfB Stuttgart,in,1.0,1 Bundesliga,2022,2022/2023,Germany
VfB Stuttgart,in,1.0,1 Bundesliga,2022,2022/2023,Germany
Hertha BSC,in,0.8,1 Bundesliga,2022,2022/2023,Germany
Hertha BSC,in,0.35,1 Bundesliga,2022,2022/2023,Germany
FC Schalke 04,in,0.25,1 Bundesliga,2022,2022/2023,Germany
FC Schalke 04,in,0.2,1 Bundesliga,2022,2022/2023,Germany
