season,competition_id,club_id,club_name,matches_played,wins,draws,losses,goals_for,goals_against,points,goal_difference,position,competition_code,name,country_name,transfer_spending
2014,ES1,131,FC Barcelona,38,30,4,4,110,21,94,89,1,laliga,laliga,Spain,42000000.0
2014,ES1,418,Real Madrid FC,38,30,2,6,118,38,92,80,2,laliga,laliga,Spain,35000000.0
2014,ES1,13,Atlético Madrid,38,23,9,6,67,29,78,38,3,laliga,laliga,Spain,91350000.0
2014,ES1,1049,Valencia CF,38,22,11,5,70,32,77,38,4,laliga,laliga,Spain,18550000.0
2014,ES1,368,Sevilla FC,38,23,7,8,71,45,76,26,5,laliga,laliga,Spain,3000000.0
2014,ES1,1050,Villarreal CF,38,16,12,10,48,37,60,11,6,laliga,laliga,Spain,5700000.0
2014,ES1,621,Athletic Club Bilbao,38,15,10,13,42,41,55,1,7,laliga,laliga,Spain,0.0
2014,ES1,940,Celta Vigo,38,13,12,13,47,44,51,3,8,laliga,laliga,Spain,1400000.0
2014,ES1,1084,Málaga CF,38,14,8,16,42,48,50,-6,9,laliga,laliga,Spain,500000.0
2014,ES1,714,RCD Espanyol,38,13,10,15,47,51,49,-4,10,laliga,laliga,Spain,0.0
2014,ES1,367,Rayo Vallecano,38,15,4,19,46,68,49,-22,11,laliga,laliga,Spain,500000.0
2014,ES1,681,Real Sociedad,38,11,13,14,44,51,46,-7,12,laliga,laliga,Spain,8000000.0
2014,ES1,1531,Elche CF,38,11,8,19,35,62,41,-27,13,laliga,laliga,Spain,0.0
2014,ES1,3709,Getafe CF,38,10,7,21,33,64,37,-31,14,laliga,laliga,Spain,0.0
2014,ES1,3368,Levante UD,38,9,10,19,34,67,37,-33,15,laliga,laliga,Spain,0.0
2014,ES1,1533,SD Eibar,38,9,8,21,34,55,35,-21,16,laliga,laliga,Spain,0.0
2014,ES1,897,Deportivo LC,38,7,14,17,35,60,35,-25,17,laliga,laliga,Spain,0.0
2014,ES1,16795,Granada CF,38,7,14,17,29,64,35,-35,18,laliga,laliga,Spain,4583000.0
2014,ES1,3302,UD Almería,38,8,8,22,35,64,32,-29,19,laliga,laliga,Spain,0.0
2014,ES1,993,Córdoba CF,38,3,11,24,22,68,20,-46,20,laliga,laliga,Spain,0.0
2014,FR1,583,Paris Saint-Germain FC,38,24,11,3,83,36,83,47,1,ligue-1,ligue-1,France,0.0
2014,FR1,1041,Lyon,38,22,9,7,72,33,75,39,2,ligue-1,ligue-1,France,4150000.0
2014,FR1,162,Monaco FC,38,20,11,7,51,26,71,25,3,ligue-1,ligue-1,France,26750000.0
2014,FR1,244,Marseille,38,21,6,11,76,42,69,34,4,ligue-1,ligue-1,France,6000000.0
2014,FR1,618,Saint-Étienne,38,19,12,7,51,30,69,21,5,ligue-1,ligue-1,France,0.0
2014,FR1,40,Bordeaux,38,17,12,9,47,44,63,3,6,ligue-1,ligue-1,France,2500000.0
2014,FR1,969,Montpellier,38,16,8,14,46,39,56,7,7,ligue-1,ligue-1,France,0.0
2014,FR1,1082,Lille,38,16,8,14,43,42,56,1,8,ligue-1,ligue-1,France,6000000.0
2014,FR1,273,Rennes,38,13,11,14,35,42,50,-7,9,ligue-1,ligue-1,France,1000000.0
2014,FR1,855,Guingamp,38,15,4,19,41,55,49,-14,10,ligue-1,ligue-1,France,500000.0
2014,FR1,417,Nice,38,13,9,16,44,53,48,-9,11,ligue-1,ligue-1,France,500000.0
2014,FR1,595,Bastia,38,12,11,15,37,46,47,-9,12,ligue-1,ligue-1,France,0.0
2014,FR1,1162,Caen,38,12,10,16,54,55,46,-1,13,ligue-1,ligue-1,France,0.0
2014,FR1,995,Nantes,38,11,12,15,29,40,45,-11,14,ligue-1,ligue-1,France,0.0
2014,FR1,1421,Reims,38,12,8,18,47,66,44,-19,15,ligue-1,ligue-1,France,0.0
2014,FR1,1158,Lorient,38,12,7,19,44,50,43,-6,16,ligue-1,ligue-1,France,4000000.0
2014,FR1,415,Toulouse,38,12,6,20,43,64,42,-21,17,ligue-1,ligue-1,France,0.0
2014,FR1,14171,Évian TG,38,11,4,23,41,62,37,-21,18,ligue-1,ligue-1,France,250000.0
2014,FR1,347,Metz,38,7,9,22,31,61,30,-30,19,ligue-1,ligue-1,France,0.0
2014,FR1,826,Lens,38,7,8,23,32,61,29,-29,20,ligue-1,ligue-1,France,0.0
2014,GB1,631,Chelsea,38,26,9,3,73,32,87,41,1,premier-league,premier-league,England,33500000.0
2014,GB1,281,Manchester City,38,24,7,7,83,38,79,45,2,premier-league,premier-league,England,60000000.0
2014,GB1,11,Arsenal,38,22,9,7,71,36,75,35,3,premier-league,premier-league,England,97730000.0
2014,GB1,985,Manchester United,38,20,10,8,62,37,70,25,4,premier-league,premier-league,England,167750000.0
2014,GB1,148,Tottenham,38,19,7,12,58,53,64,5,5,premier-league,premier-league,England,40180000.0
2014,GB1,31,Liverpool,38,18,8,12,52,48,62,4,6,premier-league,premier-league,England,143930000.0
2014,GB1,180,Southampton FC,38,18,6,14,54,33,60,21,7,premier-league,premier-league,England,26500000.0
2014,GB1,2288,Swansea City,38,16,8,14,46,49,56,-3,8,premier-league,premier-league,England,15990000.0
2014,GB1,512,Stoke City,38,15,9,14,48,45,54,3,9,premier-league,premier-league,England,0.0
2014,GB1,873,Crystal Palace,38,13,9,16,47,51,48,-4,10,premier-league,premier-league,England,9100000.0
2014,GB1,29,Everton,38,12,11,15,48,50,47,-2,11,premier-league,premier-league,England,35360000.0
2014,GB1,379,West Ham,38,12,11,15,44,47,47,-3,12,premier-league,premier-league,England,12250000.0
2014,GB1,984,West Brom,38,11,11,16,38,51,44,-13,13,premier-league,premier-league,England,2400000.0
2014,GB1,1003,Leicester City,38,11,8,19,46,55,41,-9,14,premier-league,premier-league,England,10260000.0
2014,GB1,762,Newcastle United,38,10,9,19,40,63,39,-23,15,premier-league,premier-league,England,22000000.0
2014,GB1,289,Sunderland,38,7,17,14,31,53,38,-22,16,premier-league,premier-league,England,1900000.0
2014,GB1,405,Aston Villa,38,10,8,20,31,57,38,-26,17,premier-league,premier-league,England,0.0
2014,GB1,3008,Hull City,38,8,11,19,33,51,35,-18,18,premier-league,premier-league,England,6750000.0
2014,GB1,1132,Burnley,38,7,12,19,28,53,33,-25,19,premier-league,premier-league,England,2560000.0
2014,GB1,1039,Queens Park Rangers,38,8,6,24,42,73,30,-31,20,premier-league,premier-league,England,15118000.0
2014,IT1,506,Juventus,38,26,9,3,72,24,87,48,1,serie-a,serie-a,Italy,35800000.0
2014,IT1,12,AS Roma,38,19,13,6,54,31,70,23,2,serie-a,serie-a,Italy,21200000.0
2014,IT1,398,Lazio,38,21,6,11,71,38,69,33,3,serie-a,serie-a,Italy,7000000.0
2014,IT1,430,Fiorentina,38,18,10,10,61,46,64,15,4,serie-a,serie-a,Italy,4000000.0
2014,IT1,6195,Napoli,38,18,9,11,70,54,63,16,5,serie-a,serie-a,Italy,11300000.0
2014,IT1,252,Genoa,38,16,11,11,62,47,59,15,6,serie-a,serie-a,Italy,400000.0
2014,IT1,1038,Sampdoria,38,13,17,8,48,42,56,6,7,serie-a,serie-a,Italy,17150000.0
2014,IT1,46,Inter Milan,38,14,13,11,59,48,55,11,8,serie-a,serie-a,Italy,700000.0
2014,IT1,416,Torino,38,14,12,12,48,45,54,3,9,serie-a,serie-a,Italy,11500000.0
2014,IT1,5,AC Milan,38,13,13,12,56,50,52,6,10,serie-a,serie-a,Italy,6600000.0
2014,IT1,458,Palermo,38,12,13,13,53,55,49,-2,11,serie-a,serie-a,Italy,9800000.0
2014,IT1,6574,Sassuolo,38,12,13,13,49,57,49,-8,12,serie-a,serie-a,Italy,4500000.0
2014,IT1,276,Hellas Verona,38,11,13,14,49,65,46,-16,13,serie-a,serie-a,Italy,1300000.0
2014,IT1,862,Chievo Verona,38,10,13,15,28,41,43,-13,14,serie-a,serie-a,Italy,0.0
2014,IT1,749,Empoli,38,8,18,12,46,52,42,-6,15,serie-a,serie-a,Italy,0.0
2014,IT1,410,Udinese,38,10,11,17,43,56,41,-13,16,serie-a,serie-a,Italy,0.0
2014,IT1,800,Atalanta,38,7,16,15,38,57,37,-19,17,serie-a,serie-a,Italy,7870000.0
2014,IT1,1390,Cagliari,38,8,10,20,48,68,34,-20,18,serie-a,serie-a,Italy,1600000.0
2014,IT1,130,Parma,38,6,8,24,33,75,26,-42,19,serie-a,serie-a,Italy,100000.0
2014,IT1,1429,Cesena,38,4,12,22,36,73,24,-37,20,serie-a,serie-a,Italy,0.0
2014,L1,27,Bayern Munich,34,25,4,5,80,18,79,62,1,bundesliga,bundesliga,Germany,13000000.0
2014,L1,82,VfL Wolfsburg,34,20,9,5,72,38,69,34,2,bundesliga,bundesliga,Germany,1500000.0
2014,L1,18,Borussia Mönchengladbach,34,19,9,6,53,26,66,27,3,bundesliga,bundesliga,Germany,9000000.0
2014,L1,15,Bayer Leverkusen,34,17,10,7,62,37,61,25,4,bundesliga,bundesliga,Germany,29005000.0
2014,L1,167,FC Augsburg,34,15,4,15,43,43,49,0,5,bundesliga,bundesliga,Germany,2500000.0
2014,L1,33,Schalke 04,34,13,9,12,42,40,48,2,6,bundesliga,bundesliga,Germany,0.0
2014,L1,16,Borussia Dortmund BVB,34,13,7,14,47,42,46,5,7,bundesliga,bundesliga,Germany,40500000.0
2014,L1,533,Hoffenheim,34,12,8,14,49,55,44,-6,8,bundesliga,bundesliga,Germany,9900000.0
2014,L1,24,Eintracht Frankfurt,34,11,10,13,56,62,43,-6,9,bundesliga,bundesliga,Germany,1000000.0
2014,L1,86,Werder Bremen,34,11,10,13,50,65,43,-15,10,bundesliga,bundesliga,Germany,100000.0
2014,L1,39,Mainz 05,34,9,13,12,45,47,40,-2,11,bundesliga,bundesliga,Germany,2250000.0
2014,L1,3,FC Köln,34,9,13,12,34,40,40,-6,12,bundesliga,bundesliga,Germany,5300000.0
2014,L1,42,Hannover 96,34,9,10,15,40,56,37,-16,13,bundesliga,bundesliga,Germany,6500000.0
2014,L1,79,VfB Stuttgart,34,9,9,16,42,60,36,-18,14,bundesliga,bundesliga,Germany,6000000.0
2014,L1,44,Hertha BSC,34,9,8,17,36,52,35,-16,15,bundesliga,bundesliga,Germany,2000000.0
2014,L1,41,Hamburger SV,34,9,8,17,25,50,35,-25,16,bundesliga,bundesliga,Germany,0.0
2014,L1,60,SC Freiburg,34,7,13,14,36,47,34,-11,17,bundesliga,bundesliga,Germany,2300000.0
2014,L1,127,Paderborn,34,7,10,17,31,65,31,-34,18,bundesliga,bundesliga,Germany,0.0
2015,ES1,131,FC Barcelona,38,29,4,5,112,29,91,83,1,laliga,laliga,Spain,0.0
2015,ES1,418,Real Madrid FC,38,28,6,4,110,34,90,76,2,laliga,laliga,Spain,94400000.0
2015,ES1,13,Atlético Madrid,38,28,4,6,63,18,88,45,3,laliga,laliga,Spain,38000000.0
2015,ES1,1050,Villarreal CF,38,18,10,10,44,35,64,9,4,laliga,laliga,Spain,19500000.0
2015,ES1,621,Athletic Club Bilbao,38,18,8,12,58,45,62,13,5,laliga,laliga,Spain,10000000.0
2015,ES1,940,Celta Vigo,38,17,9,12,51,59,60,-8,6,laliga,laliga,Spain,8300000.0
2015,ES1,368,Sevilla FC,38,14,10,14,51,50,52,1,7,laliga,laliga,Spain,31000000.0
2015,ES1,1084,Málaga CF,38,12,12,14,38,35,48,3,8,laliga,laliga,Spain,6000000.0
2015,ES1,681,Real Sociedad,38,13,9,16,45,48,48,-3,9,laliga,laliga,Spain,0.0
2015,ES1,150,Real Betis,38,11,12,15,34,52,45,-18,10,laliga,laliga,Spain,2250000.0
2015,ES1,1049,Valencia CF,38,11,11,16,46,48,44,-2,11,laliga,laliga,Spain,79500000.0
2015,ES1,472,UD Las Palmas,38,12,8,18,45,53,44,-8,12,laliga,laliga,Spain,5400000.0
2015,ES1,1533,SD Eibar,38,11,10,17,49,61,43,-12,13,laliga,laliga,Spain,3000000.0
2015,ES1,714,RCD Espanyol,38,12,7,19,40,74,43,-34,14,laliga,laliga,Spain,2000000.0
2015,ES1,897,Deportivo LC,38,8,18,12,45,61,42,-16,15,laliga,laliga,Spain,1500000.0
2015,ES1,2448,Sporting Gijón,38,10,9,19,40,62,39,-22,16,laliga,laliga,Spain,0.0
2015,ES1,16795,Granada CF,38,10,9,19,46,69,39,-23,17,laliga,laliga,Spain,0.0
2015,ES1,367,Rayo Vallecano,38,9,11,18,52,73,38,-21,18,laliga,laliga,Spain,100000.0
2015,ES1,3709,Getafe CF,38,9,9,20,37,67,36,-30,19,laliga,laliga,Spain,0.0
2015,ES1,3368,Levante UD,38,8,8,22,37,70,32,-33,20,laliga,laliga,Spain,250000.0
2015,FR1,583,Paris Saint-Germain FC,38,30,6,2,102,19,96,83,1,ligue-1,ligue-1,France,116100000.0
2015,FR1,1041,Lyon,38,19,8,11,67,43,65,24,2,ligue-1,ligue-1,France,22500000.0
2015,FR1,162,Monaco FC,38,17,14,7,57,50,65,7,3,ligue-1,ligue-1,France,41000000.0
2015,FR1,417,Nice,38,18,9,11,58,41,63,17,4,ligue-1,ligue-1,France,0.0
2015,FR1,1082,Lille,38,15,15,8,39,27,60,12,5,ligue-1,ligue-1,France,5500000.0
2015,FR1,618,Saint-Étienne,38,17,7,14,42,37,58,5,6,ligue-1,ligue-1,France,600000.0
2015,FR1,1162,Caen,38,16,6,16,39,52,54,-13,7,ligue-1,ligue-1,France,2000000.0
2015,FR1,273,Rennes,38,13,13,12,52,54,52,-2,8,ligue-1,ligue-1,France,1000000.0
2015,FR1,1420,Angers SCO,38,13,11,14,40,38,50,2,9,ligue-1,ligue-1,France,0.0
2015,FR1,595,Bastia,38,14,8,16,36,42,50,-6,10,ligue-1,ligue-1,France,0.0
2015,FR1,40,Bordeaux,38,12,14,12,50,57,50,-7,11,ligue-1,ligue-1,France,9000000.0
2015,FR1,969,Montpellier,38,14,7,17,49,47,49,2,12,ligue-1,ligue-1,France,0.0
2015,FR1,244,Marseille,38,10,18,10,48,42,48,6,13,ligue-1,ligue-1,France,9500000.0
2015,FR1,995,Nantes,38,12,12,14,33,44,48,-11,14,ligue-1,ligue-1,France,800000.0
2015,FR1,1158,Lorient,38,11,13,14,47,58,46,-11,15,ligue-1,ligue-1,France,2200000.0
2015,FR1,855,Guingamp,38,11,11,16,47,56,44,-9,16,ligue-1,ligue-1,France,0.0
2015,FR1,415,Toulouse,38,9,13,16,45,55,40,-10,17,ligue-1,ligue-1,France,0.0
2015,FR1,1421,Reims,38,10,9,19,44,57,39,-13,18,ligue-1,ligue-1,France,900000.0
2015,FR1,3558,GFC Ajaccio,38,8,13,17,37,58,37,-21,19,ligue-1,ligue-1,France,0.0
2015,FR1,1095,Troyes,38,3,9,26,28,83,18,-55,20,ligue-1,ligue-1,France,0.0
2015,GB1,1003,Leicester City,38,23,12,3,68,36,81,32,1,premier-league,premier-league,England,33600000.0
2015,GB1,11,Arsenal,38,20,11,7,65,36,71,29,2,premier-league,premier-league,England,12500000.0
2015,GB1,148,Tottenham,38,19,13,6,69,35,70,34,3,premier-league,premier-league,England,65000000.0
2015,GB1,281,Manchester City,38,19,9,10,71,41,66,30,4,premier-league,premier-league,England,189450000.0
2015,GB1,985,Manchester United,38,19,9,10,49,35,66,14,5,premier-league,premier-league,England,147000000.0
2015,GB1,180,Southampton FC,38,18,9,11,59,41,63,18,6,premier-league,premier-league,England,51700000.0
2015,GB1,379,West Ham,38,16,14,8,65,51,62,14,7,premier-league,premier-league,England,31300000.0
2015,GB1,31,Liverpool,38,16,12,10,63,50,60,13,8,premier-league,premier-league,England,39000000.0
2015,GB1,512,Stoke City,38,14,9,15,41,55,51,-14,9,premier-league,premier-league,England,32250000.0
2015,GB1,631,Chelsea,38,12,14,12,59,53,50,6,10,premier-league,premier-league,England,75500000.0
2015,GB1,29,Everton,38,11,14,13,59,55,47,4,11,premier-league,premier-league,England,7400000.0
2015,GB1,2288,Swansea City,38,12,11,15,42,52,47,-10,12,premier-league,premier-league,England,350000.0
2015,GB1,1010,Watford FC,38,12,9,17,40,50,45,-10,13,premier-league,premier-league,England,34400000.0
2015,GB1,984,West Brom,38,10,13,15,34,48,43,-14,14,premier-league,premier-league,England,8300000.0
2015,GB1,873,Crystal Palace,38,11,9,18,39,51,42,-12,15,premier-league,premier-league,England,4900000.0
2015,GB1,989,Bournemouth,38,11,9,18,45,67,42,-22,16,premier-league,premier-league,England,21300000.0
2015,GB1,289,Sunderland,38,9,12,17,48,62,39,-14,17,premier-league,premier-league,England,14600000.0
2015,GB1,762,Newcastle United,38,9,10,19,44,65,37,-21,18,premier-league,premier-league,England,80910000.0
2015,GB1,1123,Norwich City,38,9,7,22,39,67,34,-28,19,premier-league,premier-league,England,9300000.0
2015,GB1,405,Aston Villa,38,3,8,27,27,76,17,-49,20,premier-league,premier-league,England,52000000.0
2015,IT1,506,Juventus,38,29,4,5,75,20,91,55,1,serie-a,serie-a,Italy,96750000.0
2015,IT1,6195,Napoli,38,25,7,6,80,32,82,48,2,serie-a,serie-a,Italy,15000000.0
2015,IT1,12,AS Roma,38,23,11,4,83,41,80,42,3,serie-a,serie-a,Italy,23300000.0
2015,IT1,46,Inter Milan,38,20,7,11,50,38,67,12,4,serie-a,serie-a,Italy,55000000.0
2015,IT1,430,Fiorentina,38,18,10,10,60,42,64,18,5,serie-a,serie-a,Italy,2300000.0
2015,IT1,6574,Sassuolo,38,16,13,9,49,40,61,9,6,serie-a,serie-a,Italy,27000000.0
2015,IT1,5,AC Milan,38,15,12,11,49,43,57,6,7,serie-a,serie-a,Italy,46480000.0
2015,IT1,398,Lazio,38,15,9,14,52,52,54,0,8,serie-a,serie-a,Italy,500000.0
2015,IT1,862,Chievo Verona,38,13,11,14,43,45,50,-2,9,serie-a,serie-a,Italy,1000000.0
2015,IT1,252,Genoa,38,13,7,18,45,48,46,-3,10,serie-a,serie-a,Italy,3000000.0
2015,IT1,749,Empoli,38,12,10,16,40,49,46,-9,11,serie-a,serie-a,Italy,4000000.0
2015,IT1,416,Torino,38,12,9,17,52,55,45,-3,12,serie-a,serie-a,Italy,18700000.0
2015,IT1,800,Atalanta,38,11,12,15,41,47,45,-6,13,serie-a,serie-a,Italy,10580000.0
2015,IT1,1025,Bologna,38,11,9,18,33,45,42,-12,14,serie-a,serie-a,Italy,9600000.0
2015,IT1,1038,Sampdoria,38,10,10,18,48,61,40,-13,15,serie-a,serie-a,Italy,26270000.0
2015,IT1,410,Udinese,38,10,9,19,35,60,39,-25,16,serie-a,serie-a,Italy,0.0
2015,IT1,458,Palermo,38,10,9,19,38,65,39,-27,17,serie-a,serie-a,Italy,1500000.0
2015,IT1,4102,Carpi,38,9,11,18,37,57,38,-20,18,serie-a,serie-a,Italy,0.0
2015,IT1,8970,Frosinone,38,8,7,23,35,76,31,-41,19,serie-a,serie-a,Italy,0.0
2015,IT1,276,Hellas Verona,38,5,13,20,34,63,28,-29,20,serie-a,serie-a,Italy,1000000.0
2015,L1,27,Bayern Munich,34,28,4,2,80,17,88,63,1,bundesliga,bundesliga,Germany,12000000.0
2015,L1,16,Borussia Dortmund BVB,34,24,6,4,82,34,78,48,2,bundesliga,bundesliga,Germany,2500000.0
2015,L1,15,Bayer Leverkusen,34,18,6,10,56,40,60,16,3,bundesliga,bundesliga,Germany,27000000.0
2015,L1,18,Borussia Mönchengladbach,34,17,4,13,67,50,55,17,4,bundesliga,bundesliga,Germany,20000000.0
2015,L1,33,Schalke 04,34,15,7,12,51,49,52,2,5,bundesliga,bundesliga,Germany,10100000.0
2015,L1,39,Mainz 05,34,14,8,12,46,42,50,4,6,bundesliga,bundesliga,Germany,1000000.0
2015,L1,44,Hertha BSC,34,14,8,12,42,42,50,0,7,bundesliga,bundesliga,Germany,6800000.0
2015,L1,82,VfL Wolfsburg,34,12,9,13,47,49,45,-2,8,bundesliga,bundesliga,Germany,4500000.0
2015,L1,3,FC Köln,34,10,13,11,38,42,43,-4,9,bundesliga,bundesliga,Germany,5500000.0
2015,L1,41,Hamburger SV,34,11,8,15,40,46,41,-6,10,bundesliga,bundesliga,Germany,9500000.0
2015,L1,4795,FC Ingolstadt,34,10,10,14,33,42,40,-9,11,bundesliga,bundesliga,Germany,1000000.0
2015,L1,167,FC Augsburg,34,9,11,14,42,52,38,-10,12,bundesliga,bundesliga,Germany,9200000.0
2015,L1,86,Werder Bremen,34,10,8,16,50,65,38,-15,13,bundesliga,bundesliga,Germany,1180000.0
2015,L1,105,Darmstadt 98,34,9,11,14,38,53,38,-15,14,bundesliga,bundesliga,Germany,500000.0
2015,L1,533,Hoffenheim,34,9,10,15,39,54,37,-15,15,bundesliga,bundesliga,Germany,12900000.0
2015,L1,24,Eintracht Frankfurt,34,9,9,16,34,52,36,-18,16,bundesliga,bundesliga,Germany,3750000.0
2015,L1,79,VfB Stuttgart,34,9,6,19,50,75,33,-25,17,bundesliga,bundesliga,Germany,2500000.0
2015,L1,42,Hannover 96,34,7,4,23,31,62,25,-31,18,bundesliga,bundesliga,Germany,3500000.0
2016,ES1,418,Real Madrid FC,38,29,6,3,106,41,93,65,1,laliga,laliga,Spain,30000000.0
2016,ES1,131,FC Barcelona,38,28,6,4,116,37,90,79,2,laliga,laliga,Spain,94750000.0
2016,ES1,13,Atlético Madrid,38,23,9,6,70,27,78,43,3,laliga,laliga,Spain,39000000.0
2016,ES1,368,Sevilla FC,38,21,9,8,69,49,72,20,4,laliga,laliga,Spain,35900000.0
2016,ES1,1050,Villarreal CF,38,19,10,9,56,33,67,23,5,laliga,laliga,Spain,13000000.0
2016,ES1,681,Real Sociedad,38,19,7,12,59,53,64,6,6,laliga,laliga,Spain,21630000.0
2016,ES1,621,Athletic Club Bilbao,38,19,6,13,53,43,63,10,7,laliga,laliga,Spain,0.0
2016,ES1,714,RCD Espanyol,38,15,11,12,49,50,56,-1,8,laliga,laliga,Spain,11000000.0
2016,ES1,1108,Deportivo Alavés,38,14,13,11,41,43,55,-2,9,laliga,laliga,Spain,0.0
2016,ES1,1533,SD Eibar,38,15,9,14,56,51,54,5,10,laliga,laliga,Spain,3200000.0
2016,ES1,1084,Málaga CF,38,12,10,16,49,55,46,-6,11,laliga,laliga,Spain,2300000.0
2016,ES1,1049,Valencia CF,38,13,7,18,56,65,46,-9,12,laliga,laliga,Spain,8500000.0
2016,ES1,940,Celta Vigo,38,13,6,19,53,69,45,-16,13,laliga,laliga,Spain,7400000.0
2016,ES1,472,UD Las Palmas,38,10,9,19,53,74,39,-21,14,laliga,laliga,Spain,0.0
2016,ES1,150,Real Betis,38,10,9,19,41,64,39,-23,15,laliga,laliga,Spain,14400000.0
2016,ES1,897,Deportivo LC,38,8,12,18,43,61,36,-18,16,laliga,laliga,Spain,1300000.0
2016,ES1,1244,CD Leganés,38,8,11,19,36,55,35,-19,17,laliga,laliga,Spain,3500000.0
2016,ES1,2448,Sporting Gijón,38,7,10,21,42,72,31,-30,18,laliga,laliga,Spain,200000.0
2016,ES1,331,Osasuna,38,4,10,24,40,94,22,-54,19,laliga,laliga,Spain,0.0
2016,ES1,16795,Granada CF,38,4,8,26,30,82,20,-52,20,laliga,laliga,Spain,2800000.0
2016,FR1,162,Monaco FC,38,30,5,3,107,31,95,76,1,ligue-1,ligue-1,France,31000000.0
2016,FR1,583,Paris Saint-Germain FC,38,27,6,5,83,27,87,56,2,ligue-1,ligue-1,France,46000000.0
2016,FR1,417,Nice,38,22,12,4,63,36,78,27,3,ligue-1,ligue-1,France,5000000.0
2016,FR1,1041,Lyon,38,20,5,13,77,48,65,29,4,ligue-1,ligue-1,France,20100000.0
2016,FR1,244,Marseille,38,17,11,10,57,41,62,16,5,ligue-1,ligue-1,France,20000000.0
2016,FR1,40,Bordeaux,38,15,14,9,53,43,59,10,6,ligue-1,ligue-1,France,5000000.0
2016,FR1,995,Nantes,38,14,9,15,40,54,51,-14,7,ligue-1,ligue-1,France,2400000.0
2016,FR1,618,Saint-Étienne,38,12,14,12,41,42,50,-1,8,ligue-1,ligue-1,France,0.0
2016,FR1,273,Rennes,38,12,14,12,36,42,50,-6,9,ligue-1,ligue-1,France,2000000.0
2016,FR1,855,Guingamp,38,14,8,16,46,53,50,-7,10,ligue-1,ligue-1,France,0.0
2016,FR1,1082,Lille,38,13,7,18,40,47,46,-7,11,ligue-1,ligue-1,France,12500000.0
2016,FR1,1420,Angers SCO,38,13,7,18,40,49,46,-9,12,ligue-1,ligue-1,France,2400000.0
2016,FR1,415,Toulouse,38,10,14,14,37,41,44,-4,13,ligue-1,ligue-1,France,8800000.0
2016,FR1,347,Metz,38,11,10,17,39,72,43,-33,14,ligue-1,ligue-1,France,0.0
2016,FR1,969,Montpellier,38,10,9,19,48,66,39,-18,15,ligue-1,ligue-1,France,3200000.0
2016,FR1,2969,Dijon,38,8,13,17,46,58,37,-12,16,ligue-1,ligue-1,France,250000.0
2016,FR1,1162,Caen,38,10,7,21,36,65,37,-29,17,ligue-1,ligue-1,France,0.0
2016,FR1,1158,Lorient,38,10,6,22,44,70,36,-26,18,ligue-1,ligue-1,France,3500000.0
2016,FR1,1159,Nancy,38,9,8,21,29,52,35,-23,19,ligue-1,ligue-1,France,1500000.0
2016,FR1,595,Bastia,38,8,11,19,29,54,35,-25,20,ligue-1,ligue-1,France,0.0
2016,GB1,631,Chelsea,38,30,3,5,85,33,93,52,1,premier-league,premier-league,England,97800000.0
2016,GB1,148,Tottenham,38,26,8,4,86,26,86,60,2,premier-league,premier-league,England,57000000.0
2016,GB1,281,Manchester City,38,23,9,6,80,39,78,41,3,premier-league,premier-league,England,198250000.0
2016,GB1,31,Liverpool,38,22,10,6,78,42,76,36,4,premier-league,premier-league,England,6200000.0
2016,GB1,11,Arsenal,38,23,6,9,77,44,75,33,5,premier-league,premier-league,England,72000000.0
2016,GB1,985,Manchester United,38,18,15,5,54,29,69,25,6,premier-league,premier-league,England,185000000.0
2016,GB1,29,Everton,38,17,10,11,62,44,61,18,7,premier-league,premier-league,England,42100000.0
2016,GB1,180,Southampton FC,38,12,10,16,41,48,46,-7,8,premier-league,premier-league,England,51900000.0
2016,GB1,989,Bournemouth,38,12,10,16,55,67,46,-12,9,premier-league,premier-league,England,14440000.0
2016,GB1,984,West Brom,38,12,9,17,43,51,45,-8,10,premier-league,premier-league,England,19900000.0
2016,GB1,379,West Ham,38,12,9,17,47,64,45,-17,11,premier-league,premier-league,England,46800000.0
2016,GB1,1003,Leicester City,38,12,8,18,48,63,44,-15,12,premier-league,premier-league,England,87100000.0
2016,GB1,512,Stoke City,38,11,11,16,41,56,44,-15,13,premier-league,premier-league,England,3620000.0
2016,GB1,873,Crystal Palace,38,12,5,21,50,63,41,-13,14,premier-league,premier-league,England,51600000.0
2016,GB1,2288,Swansea City,38,12,5,21,45,70,41,-25,15,premier-league,premier-league,England,13900000.0
2016,GB1,1132,Burnley,38,11,7,20,39,55,40,-16,16,premier-league,premier-league,England,16100000.0
2016,GB1,1010,Watford FC,38,11,7,20,40,68,40,-28,17,premier-league,premier-league,England,44450000.0
2016,GB1,3008,Hull City,38,9,7,22,37,80,34,-43,18,premier-league,premier-league,England,4100000.0
2016,GB1,641,Middlesbrough FC,38,5,13,20,27,53,28,-26,19,premier-league,premier-league,England,18750000.0
2016,GB1,289,Sunderland,38,6,6,26,29,69,24,-40,20,premier-league,premier-league,England,11000000.0
2016,IT1,506,Juventus,38,29,4,5,77,27,91,50,1,serie-a,serie-a,Italy,96200000.0
2016,IT1,12,AS Roma,38,28,3,7,90,38,87,52,2,serie-a,serie-a,Italy,83300000.0
2016,IT1,6195,Napoli,38,26,8,4,94,39,86,55,3,serie-a,serie-a,Italy,90500000.0
2016,IT1,800,Atalanta,38,21,9,8,62,41,72,21,4,serie-a,serie-a,Italy,2940000.0
2016,IT1,398,Lazio,38,21,7,10,74,51,70,23,5,serie-a,serie-a,Italy,17800000.0
2016,IT1,5,AC Milan,38,18,9,11,57,45,63,12,6,serie-a,serie-a,Italy,9500000.0
2016,IT1,46,Inter Milan,38,19,5,14,72,49,62,23,7,serie-a,serie-a,Italy,89030000.0
2016,IT1,430,Fiorentina,38,16,12,10,63,57,60,6,8,serie-a,serie-a,Italy,7400000.0
2016,IT1,416,Torino,38,13,14,11,71,66,53,5,9,serie-a,serie-a,Italy,14200000.0
2016,IT1,1038,Sampdoria,38,12,12,14,49,55,48,-6,10,serie-a,serie-a,Italy,18700000.0
2016,IT1,1390,Cagliari,38,14,5,19,55,76,47,-21,11,serie-a,serie-a,Italy,0.0
2016,IT1,6574,Sassuolo,38,13,7,18,58,63,46,-5,12,serie-a,serie-a,Italy,18100000.0
2016,IT1,410,Udinese,38,12,9,17,47,56,45,-9,13,serie-a,serie-a,Italy,23500000.0
2016,IT1,862,Chievo Verona,38,12,7,19,43,61,43,-18,14,serie-a,serie-a,Italy,7450000.0
2016,IT1,1025,Bologna,38,11,8,19,40,58,41,-18,15,serie-a,serie-a,Italy,9100000.0
2016,IT1,252,Genoa,38,9,9,20,38,64,36,-26,16,serie-a,serie-a,Italy,12500000.0
2016,IT1,4083,FC Crotone,38,9,7,22,34,58,34,-24,17,serie-a,serie-a,Italy,4200000.0
2016,IT1,749,Empoli,38,8,8,22,29,61,32,-32,18,serie-a,serie-a,Italy,2300000.0
2016,IT1,458,Palermo,38,6,8,24,33,77,26,-44,19,serie-a,serie-a,Italy,0.0
2016,IT1,2921,Pescara,38,3,9,26,37,81,18,-44,20,serie-a,serie-a,Italy,7000000.0
2016,L1,27,Bayern Munich,34,25,7,2,89,22,82,67,1,bundesliga,bundesliga,Germany,70000000.0
2016,L1,23826,RB Leipzig,34,20,7,7,66,39,67,27,2,bundesliga,bundesliga,Germany,94950000.0
2016,L1,16,Borussia Dortmund BVB,34,18,10,6,72,40,64,32,3,bundesliga,bundesliga,Germany,111100000.0
2016,L1,533,Hoffenheim,34,16,14,4,64,37,62,27,4,bundesliga,bundesliga,Germany,23838000.0
2016,L1,3,FC Köln,34,12,13,9,51,42,49,9,5,bundesliga,bundesliga,Germany,3800000.0
2016,L1,44,Hertha BSC,34,15,4,15,43,47,49,-4,6,bundesliga,bundesliga,Germany,4200000.0
2016,L1,60,SC Freiburg,34,14,6,14,42,60,48,-18,7,bundesliga,bundesliga,Germany,14830000.0
2016,L1,86,Werder Bremen,34,13,6,15,61,64,45,-3,8,bundesliga,bundesliga,Germany,10500000.0
2016,L1,18,Borussia Mönchengladbach,34,12,9,13,45,49,45,-4,9,bundesliga,bundesliga,Germany,27500000.0
2016,L1,33,Schalke 04,34,11,10,13,45,40,43,5,10,bundesliga,bundesliga,Germany,34500000.0
2016,L1,24,Eintracht Frankfurt,34,11,9,14,36,43,42,-7,11,bundesliga,bundesliga,Germany,1000000.0
2016,L1,15,Bayer Leverkusen,34,11,8,15,53,55,41,-2,12,bundesliga,bundesliga,Germany,37200000.0
2016,L1,167,FC Augsburg,34,9,11,14,35,51,38,-16,13,bundesliga,bundesliga,Germany,5000000.0
2016,L1,41,Hamburger SV,34,10,8,16,33,61,38,-28,14,bundesliga,bundesliga,Germany,36850000.0
2016,L1,39,Mainz 05,34,10,7,17,44,55,37,-11,15,bundesliga,bundesliga,Germany,21650000.0
2016,L1,82,VfL Wolfsburg,34,10,7,17,34,52,37,-18,16,bundesliga,bundesliga,Germany,65500000.0
2016,L1,4795,FC Ingolstadt,34,8,8,18,36,57,32,-21,17,bundesliga,bundesliga,Germany,2950000.0
2016,L1,105,Darmstadt 98,34,7,4,23,28,63,25,-35,18,bundesliga,bundesliga,Germany,350000.0
2017,ES1,131,FC Barcelona,38,28,9,1,99,29,93,70,1,laliga,laliga,Spain,348100000.0
2017,ES1,13,Atlético Madrid,38,23,10,5,58,22,79,36,2,laliga,laliga,Spain,35600000.0
2017,ES1,418,Real Madrid FC,38,22,10,6,94,44,76,50,3,laliga,laliga,Spain,40500000.0
2017,ES1,1049,Valencia CF,38,22,7,9,65,38,73,27,4,laliga,laliga,Spain,32000000.0
2017,ES1,1050,Villarreal CF,38,18,7,13,57,50,61,7,5,laliga,laliga,Spain,40000000.0
2017,ES1,150,Real Betis,38,18,6,14,60,61,60,-1,6,laliga,laliga,Spain,13000000.0
2017,ES1,368,Sevilla FC,38,17,7,14,49,58,58,-9,7,laliga,laliga,Spain,37000000.0
2017,ES1,3709,Getafe CF,38,15,10,13,42,33,55,9,8,laliga,laliga,Spain,6350000.0
2017,ES1,1533,SD Eibar,38,14,9,15,44,50,51,-6,9,laliga,laliga,Spain,9100000.0
2017,ES1,12321,Girona FC,38,14,9,15,50,59,51,-9,10,laliga,laliga,Spain,8750000.0
2017,ES1,681,Real Sociedad,38,14,7,17,66,59,49,7,11,laliga,laliga,Spain,19500000.0
2017,ES1,940,Celta Vigo,38,13,10,15,59,60,49,-1,12,laliga,laliga,Spain,22300000.0
2017,ES1,714,RCD Espanyol,38,12,13,13,36,42,49,-6,13,laliga,laliga,Spain,15000000.0
2017,ES1,1108,Deportivo Alavés,38,15,2,21,40,50,47,-10,14,laliga,laliga,Spain,6900000.0
2017,ES1,3368,Levante UD,38,11,13,14,44,58,46,-14,15,laliga,laliga,Spain,6000000.0
2017,ES1,621,Athletic Club Bilbao,38,10,13,15,41,49,43,-8,16,laliga,laliga,Spain,32000000.0
2017,ES1,1244,CD Leganés,38,12,7,19,34,51,43,-17,17,laliga,laliga,Spain,3000000.0
2017,ES1,897,Deportivo LC,38,6,11,21,38,76,29,-38,18,laliga,laliga,Spain,3000000.0
2017,ES1,472,UD Las Palmas,38,5,7,26,24,74,22,-50,19,laliga,laliga,Spain,0.0
2017,ES1,1084,Málaga CF,38,5,5,28,24,61,20,-37,20,laliga,laliga,Spain,500000.0
2017,FR1,583,Paris Saint-Germain FC,38,29,6,3,108,29,93,79,1,ligue-1,ligue-1,France,16000000.0
2017,FR1,162,Monaco FC,38,24,8,6,85,45,80,40,2,ligue-1,ligue-1,France,97400000.0
2017,FR1,1041,Lyon,38,23,9,6,87,43,78,44,3,ligue-1,ligue-1,France,38000000.0
2017,FR1,244,Marseille,38,22,11,5,80,47,77,33,4,ligue-1,ligue-1,France,21000000.0
2017,FR1,273,Rennes,38,16,10,12,50,44,58,6,5,ligue-1,ligue-1,France,43900000.0
2017,FR1,40,Bordeaux,38,16,7,15,53,48,55,5,6,ligue-1,ligue-1,France,7500000.0
2017,FR1,618,Saint-Étienne,38,15,10,13,47,50,55,-3,7,ligue-1,ligue-1,France,5000000.0
2017,FR1,417,Nice,38,15,9,14,53,52,54,1,8,ligue-1,ligue-1,France,24300000.0
2017,FR1,995,Nantes,38,14,10,14,36,41,52,-5,9,ligue-1,ligue-1,France,2000000.0
2017,FR1,969,Montpellier,38,11,18,9,36,33,51,3,10,ligue-1,ligue-1,France,3500000.0
2017,FR1,2969,Dijon,38,13,9,16,55,73,48,-18,11,ligue-1,ligue-1,France,1500000.0
2017,FR1,855,Guingamp,38,12,11,15,48,59,47,-11,12,ligue-1,ligue-1,France,825000.0
2017,FR1,1416,Amiens,38,12,9,17,37,42,45,-5,13,ligue-1,ligue-1,France,1000000.0
2017,FR1,1420,Angers SCO,38,9,14,15,42,52,41,-10,14,ligue-1,ligue-1,France,5400000.0
2017,FR1,667,Strasbourg,38,9,11,18,44,67,38,-23,15,ligue-1,ligue-1,France,3700000.0
2017,FR1,1162,Caen,38,10,8,20,27,52,38,-25,16,ligue-1,ligue-1,France,3500000.0
2017,FR1,1082,Lille,38,10,8,20,41,67,38,-26,17,ligue-1,ligue-1,France,27500000.0
2017,FR1,415,Toulouse,38,9,10,19,38,54,37,-16,18,ligue-1,ligue-1,France,0.0
2017,FR1,1095,Troyes,38,9,6,23,32,59,33,-27,19,ligue-1,ligue-1,France,0.0
2017,FR1,347,Metz,38,6,8,24,34,76,26,-42,20,ligue-1,ligue-1,France,0.0
2017,GB1,281,Manchester City,38,32,4,2,106,27,100,79,1,premier-league,premier-league,England,313700000.0
2017,GB1,985,Manchester United,38,25,6,7,68,28,81,40,2,premier-league,premier-league,England,198400000.0
2017,GB1,148,Tottenham,38,23,8,7,74,36,77,38,3,premier-league,premier-league,England,77500000.0
2017,GB1,31,Liverpool,38,21,12,5,84,38,75,46,4,premier-league,premier-league,England,173650000.0
2017,GB1,631,Chelsea,38,21,7,10,62,38,70,24,5,premier-league,premier-league,England,222600000.0
2017,GB1,11,Arsenal,38,19,6,13,74,51,63,23,6,premier-league,premier-league,England,152850000.0
2017,GB1,1132,Burnley,38,14,12,12,36,39,54,-3,7,premier-league,premier-league,England,25500000.0
2017,GB1,29,Everton,38,13,10,15,44,58,49,-14,8,premier-league,premier-league,England,180700000.0
2017,GB1,1003,Leicester City,38,12,11,15,56,60,47,-4,9,premier-league,premier-league,England,78900000.0
2017,GB1,762,Newcastle United,38,12,8,18,39,47,44,-8,10,premier-league,premier-league,England,31800000.0
2017,GB1,873,Crystal Palace,38,11,11,16,45,55,44,-10,11,premier-league,premier-league,England,53200000.0
2017,GB1,989,Bournemouth,38,11,11,16,45,61,44,-16,12,premier-league,premier-league,England,34300000.0
2017,GB1,379,West Ham,38,10,12,16,48,68,42,-20,13,premier-league,premier-league,England,25300000.0
2017,GB1,1010,Watford FC,38,11,8,19,44,64,41,-20,14,premier-league,premier-league,England,48900000.0
2017,GB1,1237,Brighton,38,9,13,16,34,54,40,-20,15,premier-league,premier-league,England,24400000.0
2017,GB1,1110,Huddersfield Town,38,9,10,19,28,58,37,-30,16,premier-league,premier-league,England,33350000.0
2017,GB1,180,Southampton FC,38,7,15,16,37,56,36,-19,17,premier-league,premier-league,England,23250000.0
2017,GB1,2288,Swansea City,38,8,9,21,28,56,33,-28,18,premier-league,premier-league,England,22800000.0
2017,GB1,512,Stoke City,38,7,12,19,35,68,33,-33,19,premier-league,premier-league,England,23700000.0
2017,GB1,984,West Brom,38,6,13,19,31,56,31,-25,20,premier-league,premier-league,England,28900000.0
2017,IT1,506,Juventus,38,30,5,3,86,24,95,62,1,serie-a,serie-a,Italy,113900000.0
2017,IT1,6195,Napoli,38,28,7,3,77,29,91,48,2,serie-a,serie-a,Italy,52250000.0
2017,IT1,12,AS Roma,38,23,8,7,61,28,77,33,3,serie-a,serie-a,Italy,62450000.0
2017,IT1,398,Lazio,38,21,9,8,89,49,72,40,4,serie-a,serie-a,Italy,5500000.0
2017,IT1,46,Inter Milan,38,20,12,6,66,30,72,36,5,serie-a,serie-a,Italy,109600000.0
2017,IT1,5,AC Milan,38,18,10,10,56,42,64,14,6,serie-a,serie-a,Italy,118300000.0
2017,IT1,800,Atalanta,38,16,12,10,57,39,60,18,7,serie-a,serie-a,Italy,47790000.0
2017,IT1,430,Fiorentina,38,16,9,13,54,46,57,8,8,serie-a,serie-a,Italy,46900000.0
2017,IT1,416,Torino,38,13,15,10,54,46,54,8,9,serie-a,serie-a,Italy,9600000.0
2017,IT1,1038,Sampdoria,38,16,6,16,56,60,54,-4,10,serie-a,serie-a,Italy,26750000.0
2017,IT1,6574,Sassuolo,38,11,10,17,29,59,43,-30,11,serie-a,serie-a,Italy,31600000.0
2017,IT1,252,Genoa,38,11,8,19,33,43,41,-10,12,serie-a,serie-a,Italy,600000.0
2017,IT1,410,Udinese,38,12,4,22,48,63,40,-15,13,serie-a,serie-a,Italy,19166000.0
2017,IT1,862,Chievo Verona,38,10,10,18,36,59,40,-23,14,serie-a,serie-a,Italy,1500000.0
2017,IT1,1025,Bologna,38,11,6,21,40,52,39,-12,15,serie-a,serie-a,Italy,2000000.0
2017,IT1,1390,Cagliari,38,11,6,21,33,61,39,-28,16,serie-a,serie-a,Italy,21200000.0
2017,IT1,2722,SPAL,38,8,14,16,39,59,38,-20,17,serie-a,serie-a,Italy,225000.0
2017,IT1,4083,FC Crotone,38,9,8,21,40,66,35,-26,18,serie-a,serie-a,Italy,300000.0
2017,IT1,276,Hellas Verona,38,7,4,27,30,78,25,-48,19,serie-a,serie-a,Italy,0.0
2017,IT1,4171,Benevento,38,6,3,29,33,84,21,-51,20,serie-a,serie-a,Italy,8500000.0
2017,L1,27,Bayern Munich,34,27,3,4,92,28,84,64,1,bundesliga,bundesliga,Germany,90500000.0
2017,L1,33,Schalke 04,34,18,9,7,53,37,63,16,2,bundesliga,bundesliga,Germany,27000000.0
2017,L1,533,Hoffenheim,34,15,10,9,66,48,55,18,3,bundesliga,bundesliga,Germany,2700000.0
2017,L1,16,Borussia Dortmund BVB,34,15,10,9,64,47,55,17,4,bundesliga,bundesliga,Germany,121090000.0
2017,L1,15,Bayer Leverkusen,34,15,10,9,58,44,55,14,5,bundesliga,bundesliga,Germany,38500000.0
2017,L1,23826,RB Leipzig,34,15,8,11,57,53,53,4,6,bundesliga,bundesliga,Germany,47000000.0
2017,L1,79,VfB Stuttgart,34,15,6,13,36,36,51,0,7,bundesliga,bundesliga,Germany,10200000.0
2017,L1,24,Eintracht Frankfurt,34,14,7,13,45,45,49,0,8,bundesliga,bundesliga,Germany,20100000.0
2017,L1,18,Borussia Mönchengladbach,34,13,8,13,47,52,47,-5,9,bundesliga,bundesliga,Germany,35000000.0
2017,L1,44,Hertha BSC,34,10,13,11,43,46,43,-3,10,bundesliga,bundesliga,Germany,8000000.0
2017,L1,86,Werder Bremen,34,10,12,12,37,40,42,-3,11,bundesliga,bundesliga,Germany,15600000.0
2017,L1,167,FC Augsburg,34,10,11,13,43,46,41,-3,12,bundesliga,bundesliga,Germany,6500000.0
2017,L1,42,Hannover 96,34,10,9,15,44,54,39,-10,13,bundesliga,bundesliga,Germany,7880000.0
2017,L1,39,Mainz 05,34,9,9,16,38,52,36,-14,14,bundesliga,bundesliga,Germany,4750000.0
2017,L1,60,SC Freiburg,34,8,12,14,32,56,36,-24,15,bundesliga,bundesliga,Germany,9500000.0
2017,L1,82,VfL Wolfsburg,34,6,15,13,36,48,33,-12,16,bundesliga,bundesliga,Germany,29500000.0
2017,L1,41,Hamburger SV,34,8,7,19,29,53,31,-24,17,bundesliga,bundesliga,Germany,9500000.0
2017,L1,3,FC Köln,34,5,7,22,35,70,22,-35,18,bundesliga,bundesliga,Germany,27000000.0
2018,ES1,131,FC Barcelona,38,26,9,3,90,36,87,54,1,laliga,laliga,Spain,120900000.0
2018,ES1,13,Atlético Madrid,38,22,10,6,55,29,76,26,2,laliga,laliga,Spain,124500000.0
2018,ES1,418,Real Madrid FC,38,21,5,12,63,46,68,17,3,laliga,laliga,Spain,164750000.0
2018,ES1,1049,Valencia CF,38,15,16,7,51,35,61,16,4,laliga,laliga,Spain,106200000.0
2018,ES1,368,Sevilla FC,38,17,8,13,62,47,59,15,5,laliga,laliga,Spain,33550000.0
2018,ES1,3709,Getafe CF,38,15,14,9,48,35,59,13,6,laliga,laliga,Spain,24750000.0
2018,ES1,714,RCD Espanyol,38,14,11,13,48,50,53,-2,7,laliga,laliga,Spain,18000000.0
2018,ES1,621,Athletic Club Bilbao,38,13,14,11,41,45,53,-4,8,laliga,laliga,Spain,25650000.0
2018,ES1,681,Real Sociedad,38,13,11,14,45,46,50,-1,9,laliga,laliga,Spain,12000000.0
2018,ES1,150,Real Betis,38,14,8,16,44,52,50,-8,10,laliga,laliga,Spain,24500000.0
2018,ES1,1108,Deportivo Alavés,38,13,11,14,39,50,50,-11,11,laliga,laliga,Spain,0.0
2018,ES1,1533,SD Eibar,38,11,14,13,46,50,47,-4,12,laliga,laliga,Spain,0.0
2018,ES1,1244,CD Leganés,38,11,12,15,37,43,45,-6,13,laliga,laliga,Spain,13500000.0
2018,ES1,1050,Villarreal CF,38,10,14,14,49,52,44,-3,14,laliga,laliga,Spain,30000000.0
2018,ES1,3368,Levante UD,38,11,11,16,59,66,44,-7,15,laliga,laliga,Spain,6700000.0
2018,ES1,940,Celta Vigo,38,10,11,17,53,62,41,-9,16,laliga,laliga,Spain,19000000.0
2018,ES1,366,Real Valladolid CF,38,10,11,17,32,51,41,-19,17,laliga,laliga,Spain,5600000.0
2018,ES1,12321,Girona FC,38,9,10,19,37,53,37,-16,18,laliga,laliga,Spain,10000000.0
2018,ES1,5358,SD Huesca,38,7,12,19,43,65,33,-22,19,laliga,laliga,Spain,4500000.0
2018,ES1,367,Rayo Vallecano,38,8,8,22,41,70,32,-29,20,laliga,laliga,Spain,9450000.0
2018,FR1,583,Paris Saint-Germain FC,38,29,4,5,105,35,91,70,1,ligue-1,ligue-1,France,262000000.0
2018,FR1,1082,Lille,38,22,9,7,68,33,75,35,2,ligue-1,ligue-1,France,27700000.0
2018,FR1,1041,Lyon,38,21,9,8,70,47,72,23,3,ligue-1,ligue-1,France,14450000.0
2018,FR1,618,Saint-Étienne,38,19,9,10,59,41,66,18,4,ligue-1,ligue-1,France,15000000.0
2018,FR1,244,Marseille,38,18,7,13,60,52,61,8,5,ligue-1,ligue-1,France,66000000.0
2018,FR1,969,Montpellier,38,15,14,9,53,42,59,11,6,ligue-1,ligue-1,France,8200000.0
2018,FR1,417,Nice,38,15,11,12,30,35,56,-5,7,ligue-1,ligue-1,France,18000000.0
2018,FR1,1421,Reims,38,13,16,9,39,42,55,-3,8,ligue-1,ligue-1,France,11500000.0
2018,FR1,1160,Nîmes,38,15,8,15,57,58,53,-1,9,ligue-1,ligue-1,France,150000.0
2018,FR1,273,Rennes,38,13,13,12,55,52,52,3,10,ligue-1,ligue-1,France,14000000.0
2018,FR1,667,Strasbourg,38,11,16,11,58,48,49,10,11,ligue-1,ligue-1,France,15750000.0
2018,FR1,995,Nantes,38,13,9,16,48,48,48,0,12,ligue-1,ligue-1,France,8250000.0
2018,FR1,1420,Angers SCO,38,10,16,12,44,49,46,-5,13,ligue-1,ligue-1,France,1600000.0
2018,FR1,40,Bordeaux,38,10,11,17,34,42,41,-8,14,ligue-1,ligue-1,France,10070000.0
2018,FR1,1416,Amiens,38,9,11,18,31,52,38,-21,15,ligue-1,ligue-1,France,4000000.0
2018,FR1,415,Toulouse,38,8,14,16,35,57,38,-22,16,ligue-1,ligue-1,France,3250000.0
2018,FR1,162,Monaco FC,38,8,12,18,38,57,36,-19,17,ligue-1,ligue-1,France,117200000.0
2018,FR1,2969,Dijon,38,9,7,22,31,60,34,-29,18,ligue-1,ligue-1,France,7200000.0
2018,FR1,1162,Caen,38,7,12,19,29,54,33,-25,19,ligue-1,ligue-1,France,0.0
2018,FR1,855,Guingamp,38,5,12,21,28,68,27,-40,20,ligue-1,ligue-1,France,2500000.0
2018,GB1,281,Manchester City,38,32,2,4,95,23,98,72,1,premier-league,premier-league,England,9900000.0
2018,GB1,31,Liverpool,38,30,7,1,89,22,97,67,2,premier-league,premier-league,England,132500000.0
2018,GB1,631,Chelsea,38,21,9,8,63,39,72,24,3,premier-league,premier-league,England,201000000.0
2018,GB1,148,Tottenham,38,23,2,13,67,39,71,28,4,premier-league,premier-league,England,0.0
2018,GB1,11,Arsenal,38,21,7,10,73,51,70,22,5,premier-league,premier-league,England,77650000.0
2018,GB1,985,Manchester United,38,19,9,10,65,54,66,11,6,premier-league,premier-league,England,81000000.0
2018,GB1,543,Wolves,38,16,9,13,47,46,57,1,7,premier-league,premier-league,England,97600000.0
2018,GB1,29,Everton,38,15,9,14,54,46,54,8,8,premier-league,premier-league,England,89650000.0
2018,GB1,1003,Leicester City,38,15,7,16,51,48,52,3,9,premier-league,premier-league,England,114600000.0
2018,GB1,379,West Ham,38,15,7,16,52,55,52,-3,10,premier-league,premier-league,England,99400000.0
2018,GB1,1010,Watford FC,38,14,8,16,52,59,50,-7,11,premier-league,premier-league,England,19100000.0
2018,GB1,873,Crystal Palace,38,14,7,17,51,53,49,-2,12,premier-league,premier-league,England,10700000.0
2018,GB1,762,Newcastle United,38,12,9,17,42,48,45,-6,13,premier-league,premier-league,England,39000000.0
2018,GB1,989,Bournemouth,38,13,6,19,56,70,45,-14,14,premier-league,premier-league,England,91600000.0
2018,GB1,1132,Burnley,38,11,7,20,45,68,40,-23,15,premier-league,premier-league,England,3900000.0
2018,GB1,180,Southampton FC,38,9,12,17,45,65,39,-20,16,premier-league,premier-league,England,37250000.0
2018,GB1,1237,Brighton,38,9,9,20,35,60,36,-25,17,premier-league,premier-league,England,70160000.0
2018,GB1,603,Cardiff City,38,10,4,24,34,69,34,-35,18,premier-league,premier-league,England,11350000.0
2018,GB1,931,Fulham,38,7,5,26,34,81,26,-47,19,premier-league,premier-league,England,49550000.0
2018,GB1,1110,Huddersfield Town,38,3,7,28,22,76,16,-54,20,premier-league,premier-league,England,10000000.0
2018,IT1,506,Juventus,38,28,6,4,70,30,90,40,1,serie-a,serie-a,Italy,96700000.0
2018,IT1,6195,Napoli,38,24,7,7,74,36,79,38,2,serie-a,serie-a,Italy,58500000.0
2018,IT1,800,Atalanta,38,20,9,9,77,46,69,31,3,serie-a,serie-a,Italy,22400000.0
2018,IT1,46,Inter Milan,38,20,9,9,57,33,69,24,4,serie-a,serie-a,Italy,42600000.0
2018,IT1,5,AC Milan,38,19,11,8,55,36,68,19,5,serie-a,serie-a,Italy,151440000.0
2018,IT1,12,AS Roma,38,18,12,8,66,48,66,18,6,serie-a,serie-a,Italy,121150000.0
2018,IT1,416,Torino,38,16,15,7,52,37,63,15,7,serie-a,serie-a,Italy,43650000.0
2018,IT1,398,Lazio,38,17,8,13,56,46,59,10,8,serie-a,serie-a,Italy,29850000.0
2018,IT1,1038,Sampdoria,38,15,8,15,60,51,53,9,9,serie-a,serie-a,Italy,27750000.0
2018,IT1,1025,Bologna,38,11,11,16,48,56,44,-8,10,serie-a,serie-a,Italy,16200000.0
2018,IT1,6574,Sassuolo,38,9,16,13,53,60,43,-7,11,serie-a,serie-a,Italy,49470000.0
2018,IT1,410,Udinese,38,11,10,17,39,53,43,-14,12,serie-a,serie-a,Italy,31300000.0
2018,IT1,2722,SPAL,38,11,9,18,44,56,42,-12,13,serie-a,serie-a,Italy,1500000.0
2018,IT1,430,Fiorentina,38,8,17,13,47,45,41,2,14,serie-a,serie-a,Italy,55350000.0
2018,IT1,1390,Cagliari,38,10,11,17,36,54,41,-18,15,serie-a,serie-a,Italy,7775000.0
2018,IT1,130,Parma,38,10,11,17,41,61,41,-20,16,serie-a,serie-a,Italy,0.0
2018,IT1,252,Genoa,38,8,14,16,39,57,38,-18,17,serie-a,serie-a,Italy,30600000.0
2018,IT1,749,Empoli,38,10,8,20,51,70,38,-19,18,serie-a,serie-a,Italy,2500000.0
2018,IT1,8970,Frosinone,38,5,10,23,29,69,25,-40,19,serie-a,serie-a,Italy,0.0
2018,IT1,862,Chievo Verona,38,2,14,22,25,75,20,-50,20,serie-a,serie-a,Italy,1700000.0
2018,L1,27,Bayern Munich,34,24,6,4,88,32,78,56,1,bundesliga,bundesliga,Germany,14000000.0
2018,L1,16,Borussia Dortmund BVB,34,23,7,4,81,44,76,37,2,bundesliga,bundesliga,Germany,60500000.0
2018,L1,23826,RB Leipzig,34,19,9,6,63,29,66,34,3,bundesliga,bundesliga,Germany,64630000.0
2018,L1,15,Bayer Leverkusen,34,18,4,12,69,52,58,17,4,bundesliga,bundesliga,Germany,12000000.0
2018,L1,18,Borussia Mönchengladbach,34,16,7,11,55,42,55,13,5,bundesliga,bundesliga,Germany,27500000.0
2018,L1,82,VfL Wolfsburg,34,16,7,11,62,50,55,12,6,bundesliga,bundesliga,Germany,16000000.0
2018,L1,24,Eintracht Frankfurt,34,15,9,10,60,48,54,12,7,bundesliga,bundesliga,Germany,23600000.0
2018,L1,86,Werder Bremen,34,14,11,9,58,49,53,9,8,bundesliga,bundesliga,Germany,18050000.0
2018,L1,533,Hoffenheim,34,13,12,9,70,52,51,18,9,bundesliga,bundesliga,Germany,23000000.0
2018,L1,38,Fortuna Düsseldorf,34,13,5,16,49,65,44,-16,10,bundesliga,bundesliga,Germany,3750000.0
2018,L1,44,Hertha BSC,34,11,10,13,49,57,43,-8,11,bundesliga,bundesliga,Germany,10500000.0
2018,L1,39,Mainz 05,34,12,7,15,46,57,43,-11,12,bundesliga,bundesliga,Germany,23500000.0
2018,L1,60,SC Freiburg,34,8,12,14,46,61,36,-15,13,bundesliga,bundesliga,Germany,16500000.0
2018,L1,33,Schalke 04,34,8,9,17,37,55,33,-18,14,bundesliga,bundesliga,Germany,36000000.0
2018,L1,167,FC Augsburg,34,8,8,18,51,71,32,-20,15,bundesliga,bundesliga,Germany,3000000.0
2018,L1,79,VfB Stuttgart,34,7,7,20,32,70,28,-38,16,bundesliga,bundesliga,Germany,39760000.0
2018,L1,42,Hannover 96,34,5,6,23,31,71,21,-40,17,bundesliga,bundesliga,Germany,11900000.0
2018,L1,4,Nürnberg,34,3,10,21,26,68,19,-42,18,bundesliga,bundesliga,Germany,3000000.0
2019,ES1,418,Real Madrid FC,38,26,9,3,70,25,87,45,1,laliga,laliga,Spain,238500000.0
2019,ES1,131,FC Barcelona,38,25,7,6,86,38,82,48,2,laliga,laliga,Spain,279000000.0
2019,ES1,13,Atlético Madrid,38,18,16,4,51,27,70,24,3,laliga,laliga,Spain,245950000.0
2019,ES1,368,Sevilla FC,38,19,13,6,54,34,70,20,4,laliga,laliga,Spain,162500000.0
2019,ES1,1050,Villarreal CF,38,18,6,14,63,49,60,14,5,laliga,laliga,Spain,13300000.0
2019,ES1,681,Real Sociedad,38,16,8,14,56,48,56,8,6,laliga,laliga,Spain,29500000.0
2019,ES1,16795,Granada CF,38,16,8,14,52,45,56,7,7,laliga,laliga,Spain,8740000.0
2019,ES1,3709,Getafe CF,38,14,12,12,43,37,54,6,8,laliga,laliga,Spain,11000000.0
2019,ES1,1049,Valencia CF,38,14,11,13,46,53,53,-7,9,laliga,laliga,Spain,67000000.0
2019,ES1,331,Osasuna,38,13,13,12,46,54,52,-8,10,laliga,laliga,Spain,11700000.0
2019,ES1,621,Athletic Club Bilbao,38,13,12,13,41,38,51,3,11,laliga,laliga,Spain,0.0
2019,ES1,3368,Levante UD,38,14,7,17,47,53,49,-6,12,laliga,laliga,Spain,8600000.0
2019,ES1,366,Real Valladolid CF,38,9,15,14,32,43,42,-11,13,laliga,laliga,Spain,0.0
2019,ES1,1533,SD Eibar,38,11,9,18,39,56,42,-17,14,laliga,laliga,Spain,9000000.0
2019,ES1,150,Real Betis,38,10,11,17,48,60,41,-12,15,laliga,laliga,Spain,91450000.0
2019,ES1,1108,Deportivo Alavés,38,10,9,19,34,59,39,-25,16,laliga,laliga,Spain,6540000.0
2019,ES1,940,Celta Vigo,38,7,16,15,37,49,37,-12,17,laliga,laliga,Spain,20900000.0
2019,ES1,1244,CD Leganés,38,8,12,18,30,51,36,-21,18,laliga,laliga,Spain,5000000.0
2019,ES1,237,RCD Mallorca,38,9,6,23,40,65,33,-25,19,laliga,laliga,Spain,3700000.0
2019,ES1,714,RCD Espanyol,38,5,10,23,27,58,25,-31,20,laliga,laliga,Spain,49500000.0
2019,FR1,583,Paris Saint-Germain FC,27,22,2,3,75,24,68,51,1,ligue-1,ligue-1,France,63000000.0
2019,FR1,244,Marseille,28,16,8,4,41,29,56,12,2,ligue-1,ligue-1,France,13000000.0
2019,FR1,273,Rennes,28,15,5,8,38,24,50,14,3,ligue-1,ligue-1,France,49000000.0
2019,FR1,1082,Lille,28,15,4,9,35,27,49,8,4,ligue-1,ligue-1,France,93400000.0
2019,FR1,1421,Reims,28,10,11,7,26,21,41,5,5,ligue-1,ligue-1,France,17700000.0
2019,FR1,417,Nice,28,11,8,9,41,38,41,3,6,ligue-1,ligue-1,France,50000000.0
2019,FR1,1041,Lyon,28,11,7,10,42,27,40,15,7,ligue-1,ligue-1,France,92000000.0
2019,FR1,969,Montpellier,28,11,7,10,35,34,40,1,8,ligue-1,ligue-1,France,16000000.0
2019,FR1,162,Monaco FC,28,11,7,10,44,44,40,0,9,ligue-1,ligue-1,France,183000000.0
2019,FR1,1420,Angers SCO,28,11,6,11,28,33,39,-5,10,ligue-1,ligue-1,France,1500000.0
2019,FR1,667,Strasbourg,27,11,5,11,32,32,38,0,11,ligue-1,ligue-1,France,7500000.0
2019,FR1,40,Bordeaux,28,9,10,9,40,34,37,6,12,ligue-1,ligue-1,France,12000000.0
2019,FR1,995,Nantes,28,11,4,13,28,31,37,-3,13,ligue-1,ligue-1,France,15750000.0
2019,FR1,3911,Brest,28,8,10,10,34,37,34,-3,14,ligue-1,ligue-1,France,5500000.0
2019,FR1,347,Metz,28,8,10,10,27,35,34,-8,15,ligue-1,ligue-1,France,14350000.0
2019,FR1,2969,Dijon,28,7,9,12,27,37,30,-10,16,ligue-1,ligue-1,France,2665000.0
2019,FR1,618,Saint-Étienne,28,8,6,14,29,45,30,-16,17,ligue-1,ligue-1,France,2450000.0
2019,FR1,1160,Nîmes,28,7,6,15,29,44,27,-15,18,ligue-1,ligue-1,France,5250000.0
2019,FR1,1416,Amiens,28,4,11,13,31,50,23,-19,19,ligue-1,ligue-1,France,12650000.0
2019,FR1,415,Toulouse,28,3,4,21,22,58,13,-36,20,ligue-1,ligue-1,France,8000000.0
2019,GB1,31,Liverpool,38,32,3,3,85,33,99,52,1,premier-league,premier-league,England,10400000.0
2019,GB1,281,Manchester City,38,26,3,9,102,35,81,67,2,premier-league,premier-league,England,165820000.0
2019,GB1,985,Manchester United,38,18,12,8,66,36,66,30,3,premier-league,premier-league,England,224800000.0
2019,GB1,631,Chelsea,38,20,6,12,69,54,66,15,4,premier-league,premier-league,England,45000000.0
2019,GB1,1003,Leicester City,38,18,8,12,67,41,62,26,5,premier-league,premier-league,England,104300000.0
2019,GB1,148,Tottenham,38,16,11,11,61,47,59,14,6,premier-league,premier-league,England,130000000.0
2019,GB1,543,Wolves,38,15,14,9,51,40,59,11,7,premier-league,premier-league,England,116700000.0
2019,GB1,11,Arsenal,38,14,14,10,56,48,56,8,8,premier-league,premier-league,England,144100000.0
2019,GB1,350,Sheffield United,38,14,12,12,39,39,54,0,9,premier-league,premier-league,England,59100000.0
2019,GB1,1132,Burnley,38,15,9,14,43,50,54,-7,10,premier-league,premier-league,England,22750000.0
2019,GB1,180,Southampton FC,38,15,7,16,51,60,52,-9,11,premier-league,premier-league,England,57500000.0
2019,GB1,29,Everton,38,13,10,15,44,56,49,-12,12,premier-league,premier-league,England,109000000.0
2019,GB1,762,Newcastle United,38,11,11,16,38,58,44,-20,13,premier-league,premier-league,England,66900000.0
2019,GB1,873,Crystal Palace,38,11,10,17,31,50,43,-19,14,premier-league,premier-league,England,6100000.0
2019,GB1,1237,Brighton,38,9,14,15,39,54,41,-15,15,premier-league,premier-league,England,54540000.0
2019,GB1,379,West Ham,38,10,9,19,49,62,39,-13,16,premier-league,premier-league,England,115300000.0
2019,GB1,405,Aston Villa,38,9,8,21,41,67,35,-26,17,premier-league,premier-league,England,129600000.0
2019,GB1,989,Bournemouth,38,9,7,22,40,65,34,-25,18,premier-league,premier-league,England,47760000.0
2019,GB1,1010,Watford FC,38,8,10,20,36,64,34,-28,19,premier-league,premier-league,England,47500000.0
2019,GB1,1123,Norwich City,38,5,6,27,26,75,21,-49,20,premier-league,premier-league,England,1330000.0
2019,IT1,506,Juventus,38,26,5,7,76,43,83,33,1,serie-a,serie-a,Italy,215800000.0
2019,IT1,46,Inter Milan,38,24,10,4,81,36,82,45,2,serie-a,serie-a,Italy,172200000.0
2019,IT1,800,Atalanta,38,23,9,6,98,48,78,50,3,serie-a,serie-a,Italy,51400000.0
2019,IT1,398,Lazio,38,24,6,8,79,42,78,37,4,serie-a,serie-a,Italy,42965000.0
2019,IT1,12,AS Roma,38,21,7,10,77,51,70,26,5,serie-a,serie-a,Italy,113900000.0
2019,IT1,5,AC Milan,38,19,9,10,63,46,66,17,6,serie-a,serie-a,Italy,108700000.0
2019,IT1,6195,Napoli,38,18,8,12,61,50,62,11,7,serie-a,serie-a,Italy,206650000.0
2019,IT1,6574,Sassuolo,38,14,9,15,69,63,51,6,8,serie-a,serie-a,Italy,44430000.0
2019,IT1,430,Fiorentina,38,12,13,13,51,48,49,3,9,serie-a,serie-a,Italy,19500000.0
2019,IT1,130,Parma,38,14,7,17,56,57,49,-1,10,serie-a,serie-a,Italy,5373000.0
2019,IT1,276,Hellas Verona,38,12,13,13,47,51,49,-4,11,serie-a,serie-a,Italy,13263000.0
2019,IT1,1025,Bologna,38,12,11,15,52,65,47,-13,12,serie-a,serie-a,Italy,58930000.0
2019,IT1,1390,Cagliari,38,11,12,15,52,56,45,-4,13,serie-a,serie-a,Italy,31800000.0
2019,IT1,410,Udinese,38,12,9,17,37,51,45,-14,14,serie-a,serie-a,Italy,10350000.0
2019,IT1,1038,Sampdoria,38,12,6,20,48,65,42,-17,15,serie-a,serie-a,Italy,41300000.0
2019,IT1,416,Torino,38,11,7,20,46,68,40,-22,16,serie-a,serie-a,Italy,12800000.0
2019,IT1,252,Genoa,38,10,9,19,47,73,39,-26,17,serie-a,serie-a,Italy,33000000.0
2019,IT1,1005,Lecce,38,9,8,21,52,85,35,-33,18,serie-a,serie-a,Italy,0.0
2019,IT1,19,Brescia,38,6,7,25,35,79,25,-44,19,serie-a,serie-a,Italy,9800000.0
2019,IT1,2722,SPAL,38,5,5,28,27,77,20,-50,20,serie-a,serie-a,Italy,18000000.0
2019,L1,27,Bayern Munich,34,26,4,4,100,32,82,68,1,bundesliga,bundesliga,Germany,118000000.0
2019,L1,16,Borussia Dortmund BVB,34,21,6,7,84,41,69,43,2,bundesliga,bundesliga,Germany,101000000.0
2019,L1,23826,RB Leipzig,34,18,12,4,81,37,66,44,3,bundesliga,bundesliga,Germany,83700000.0
2019,L1,18,Borussia Mönchengladbach,34,20,5,9,66,40,65,26,4,bundesliga,bundesliga,Germany,40500000.0
2019,L1,15,Bayer Leverkusen,34,19,6,9,61,44,63,17,5,bundesliga,bundesliga,Germany,99700000.0
2019,L1,533,Hoffenheim,34,15,7,12,53,53,52,0,6,bundesliga,bundesliga,Germany,42000000.0
2019,L1,82,VfL Wolfsburg,34,13,10,11,48,46,49,2,7,bundesliga,bundesliga,Germany,33700000.0
2019,L1,60,SC Freiburg,34,13,9,12,48,47,48,1,8,bundesliga,bundesliga,Germany,9000000.0
2019,L1,24,Eintracht Frankfurt,34,13,6,15,59,60,45,-1,9,bundesliga,bundesliga,Germany,69140000.0
2019,L1,44,Hertha BSC,34,11,8,15,48,59,41,-11,10,bundesliga,bundesliga,Germany,87000000.0
2019,L1,89,Union Berlin,34,12,5,17,41,58,41,-17,11,bundesliga,bundesliga,Germany,7150000.0
2019,L1,33,Schalke 04,34,9,12,13,38,58,39,-20,12,bundesliga,bundesliga,Germany,25000000.0
2019,L1,39,Mainz 05,34,11,4,19,44,65,37,-21,13,bundesliga,bundesliga,Germany,29000000.0
2019,L1,3,FC Köln,34,10,6,18,51,69,36,-18,14,bundesliga,bundesliga,Germany,20250000.0
2019,L1,167,FC Augsburg,34,9,9,16,45,63,36,-18,15,bundesliga,bundesliga,Germany,21800000.0
2019,L1,86,Werder Bremen,34,8,7,19,42,69,31,-27,16,bundesliga,bundesliga,Germany,10000000.0
2019,L1,38,Fortuna Düsseldorf,34,6,12,16,36,67,30,-31,17,bundesliga,bundesliga,Germany,6750000.0
2019,L1,127,Paderborn,34,4,8,22,37,74,20,-37,18,bundesliga,bundesliga,Germany,400000.0
2020,ES1,13,Atlético Madrid,38,26,8,4,67,25,86,42,1,laliga,laliga,Spain,81500000.0
2020,ES1,418,Real Madrid FC,38,25,9,4,67,28,84,39,2,laliga,laliga,Spain,0.0
2020,ES1,131,FC Barcelona,38,24,7,7,85,38,79,47,3,laliga,laliga,Spain,111940000.0
2020,ES1,368,Sevilla FC,38,24,5,9,53,33,77,20,4,laliga,laliga,Spain,60350000.0
2020,ES1,681,Real Sociedad,38,17,11,10,59,38,62,21,5,laliga,laliga,Spain,10000000.0
2020,ES1,150,Real Betis,38,17,10,11,50,50,61,0,6,laliga,laliga,Spain,0.0
2020,ES1,1050,Villarreal CF,38,15,13,10,60,44,58,16,7,laliga,laliga,Spain,36590000.0
2020,ES1,940,Celta Vigo,38,14,11,13,55,57,53,-2,8,laliga,laliga,Spain,2500000.0
2020,ES1,621,Athletic Club Bilbao,38,11,13,14,46,42,46,4,9,laliga,laliga,Spain,11130000.0
2020,ES1,16795,Granada CF,38,13,7,18,47,65,46,-18,10,laliga,laliga,Spain,23500000.0
2020,ES1,331,Osasuna,38,11,11,16,37,48,44,-11,11,laliga,laliga,Spain,5000000.0
2020,ES1,2687,Cádiz CF,38,11,11,16,36,58,44,-22,12,laliga,laliga,Spain,5700000.0
2020,ES1,1049,Valencia CF,38,10,13,15,50,53,43,-3,13,laliga,laliga,Spain,0.0
2020,ES1,3368,Levante UD,38,9,14,15,46,57,41,-11,14,laliga,laliga,Spain,6000000.0
2020,ES1,3709,Getafe CF,38,9,11,18,28,43,38,-15,15,laliga,laliga,Spain,20800000.0
2020,ES1,1108,Deportivo Alavés,38,9,11,18,36,57,38,-21,16,laliga,laliga,Spain,0.0
2020,ES1,1531,Elche CF,38,8,12,18,34,55,36,-21,17,laliga,laliga,Spain,500000.0
2020,ES1,5358,SD Huesca,38,7,13,18,34,53,34,-19,18,laliga,laliga,Spain,2500000.0
2020,ES1,366,Real Valladolid CF,38,5,16,17,34,57,31,-23,19,laliga,laliga,Spain,7000000.0
2020,ES1,1533,SD Eibar,38,6,12,20,29,52,30,-23,20,laliga,laliga,Spain,0.0
2020,FR1,1082,Lille,38,24,11,3,64,23,83,41,1,ligue-1,ligue-1,France,35000000.0
2020,FR1,583,Paris Saint-Germain FC,38,26,4,8,86,28,82,58,2,ligue-1,ligue-1,France,56000000.0
2020,FR1,162,Monaco FC,38,24,6,8,76,42,78,34,3,ligue-1,ligue-1,France,51200000.0
2020,FR1,1041,Lyon,38,22,10,6,81,43,76,38,4,ligue-1,ligue-1,France,24850000.0
2020,FR1,244,Marseille,38,16,12,10,54,47,60,7,5,ligue-1,ligue-1,France,8000000.0
2020,FR1,273,Rennes,38,16,10,12,52,40,58,12,6,ligue-1,ligue-1,France,67000000.0
2020,FR1,826,Lens,38,15,12,11,55,54,57,1,7,ligue-1,ligue-1,France,18000000.0
2020,FR1,969,Montpellier,38,14,12,12,60,62,54,-2,8,ligue-1,ligue-1,France,13100000.0
2020,FR1,417,Nice,38,15,7,16,50,53,52,-3,9,ligue-1,ligue-1,France,29230000.0
2020,FR1,347,Metz,38,12,11,15,44,48,47,-4,10,ligue-1,ligue-1,France,11000000.0
2020,FR1,618,Saint-Étienne,38,12,10,16,42,54,46,-12,11,ligue-1,ligue-1,France,5500000.0
2020,FR1,40,Bordeaux,38,13,6,19,42,56,45,-14,12,ligue-1,ligue-1,France,0.0
2020,FR1,1420,Angers SCO,38,12,8,18,40,58,44,-18,13,ligue-1,ligue-1,France,11000000.0
2020,FR1,1421,Reims,38,9,15,14,42,50,42,-8,14,ligue-1,ligue-1,France,6700000.0
2020,FR1,667,Strasbourg,38,11,9,18,49,58,42,-9,15,ligue-1,ligue-1,France,10000000.0
2020,FR1,1158,Lorient,38,11,9,18,50,68,42,-18,16,ligue-1,ligue-1,France,24500000.0
2020,FR1,3911,Brest,38,11,8,19,50,66,41,-16,17,ligue-1,ligue-1,France,15600000.0
2020,FR1,995,Nantes,38,9,13,16,47,55,40,-8,18,ligue-1,ligue-1,France,5000000.0
2020,FR1,1160,Nîmes,38,9,8,21,40,71,35,-31,19,ligue-1,ligue-1,France,4000000.0
2020,FR1,2969,Dijon,38,4,9,25,25,73,21,-48,20,ligue-1,ligue-1,France,4400000.0
2020,GB1,281,Manchester City,38,27,5,6,83,32,86,51,1,premier-league,premier-league,England,160900000.0
2020,GB1,985,Manchester United,38,21,11,6,73,44,74,29,2,premier-league,premier-league,England,68950000.0
2020,GB1,31,Liverpool,38,20,9,9,68,42,69,26,3,premier-league,premier-league,England,81550000.0
2020,GB1,631,Chelsea,38,19,10,9,58,36,67,22,4,premier-league,premier-league,England,243200000.0
2020,GB1,1003,Leicester City,38,20,6,12,68,50,66,18,5,premier-league,premier-league,England,55900000.0
2020,GB1,379,West Ham,38,19,8,11,62,47,65,15,6,premier-league,premier-league,England,46900000.0
2020,GB1,148,Tottenham,38,18,8,12,68,45,62,23,7,premier-league,premier-league,England,107500000.0
2020,GB1,11,Arsenal,38,18,7,13,55,39,61,16,8,premier-league,premier-league,England,84000000.0
2020,GB1,399,Leeds United,38,18,5,15,62,54,59,8,9,premier-league,premier-league,England,75800000.0
2020,GB1,29,Everton,38,17,8,13,47,48,59,-1,10,premier-league,premier-league,England,49770000.0
2020,GB1,405,Aston Villa,38,16,7,15,55,46,55,9,11,premier-league,premier-league,England,101350000.0
2020,GB1,762,Newcastle United,38,12,9,17,46,62,45,-16,12,premier-league,premier-league,England,38750000.0
2020,GB1,543,Wolves,38,12,9,17,36,52,45,-16,13,premier-league,premier-league,England,82589000.0
2020,GB1,873,Crystal Palace,38,12,8,18,41,66,44,-25,14,premier-league,premier-league,England,18900000.0
2020,GB1,180,Southampton FC,38,12,7,19,47,68,43,-21,15,premier-league,premier-league,England,25300000.0
2020,GB1,1237,Brighton,38,9,14,15,40,46,41,-6,16,premier-league,premier-league,England,46200000.0
2020,GB1,1132,Burnley,38,10,9,19,33,55,39,-22,17,premier-league,premier-league,England,0.0
2020,GB1,931,Fulham,38,5,13,20,27,53,28,-26,18,premier-league,premier-league,England,13450000.0
2020,GB1,984,West Brom,38,5,11,22,35,76,26,-41,19,premier-league,premier-league,England,13500000.0
2020,GB1,350,Sheffield United,38,7,2,29,20,63,23,-43,20,premier-league,premier-league,England,62700000.0
2020,IT1,46,Inter Milan,38,28,7,3,89,35,91,54,1,serie-a,serie-a,Italy,121500000.0
2020,IT1,5,AC Milan,38,24,7,7,74,41,79,33,2,serie-a,serie-a,Italy,24220000.0
2020,IT1,800,Atalanta,38,23,9,6,90,47,78,43,3,serie-a,serie-a,Italy,51300000.0
2020,IT1,506,Juventus,38,23,9,6,77,38,78,39,4,serie-a,serie-a,Italy,124800000.0
2020,IT1,6195,Napoli,38,24,5,9,86,41,77,45,5,serie-a,serie-a,Italy,78900000.0
2020,IT1,398,Lazio,38,21,5,12,61,55,68,6,6,serie-a,serie-a,Italy,33700000.0
2020,IT1,12,AS Roma,38,18,8,12,68,58,62,10,7,serie-a,serie-a,Italy,69500000.0
2020,IT1,6574,Sassuolo,38,17,11,10,64,56,62,8,8,serie-a,serie-a,Italy,18160000.0
2020,IT1,1038,Sampdoria,38,15,7,16,52,54,52,-2,9,serie-a,serie-a,Italy,10250000.0
2020,IT1,276,Hellas Verona,38,11,12,15,46,48,45,-2,10,serie-a,serie-a,Italy,10150000.0
2020,IT1,252,Genoa,38,10,12,16,47,58,42,-11,11,serie-a,serie-a,Italy,36300000.0
2020,IT1,1025,Bologna,38,10,11,17,51,65,41,-14,12,serie-a,serie-a,Italy,1797000.0
2020,IT1,430,Fiorentina,38,9,13,16,47,59,40,-12,13,serie-a,serie-a,Italy,59800000.0
2020,IT1,410,Udinese,38,10,10,18,42,58,40,-16,14,serie-a,serie-a,Italy,22000000.0
2020,IT1,3522,Spezia,38,9,12,17,52,72,39,-20,15,serie-a,serie-a,Italy,3700000.0
2020,IT1,1390,Cagliari,38,9,10,19,43,59,37,-16,16,serie-a,serie-a,Italy,29380000.0
2020,IT1,416,Torino,38,7,16,15,50,69,37,-19,17,serie-a,serie-a,Italy,43150000.0
2020,IT1,4171,Benevento,38,7,12,19,40,75,33,-35,18,serie-a,serie-a,Italy,4500000.0
2020,IT1,4083,FC Crotone,38,6,5,27,45,92,23,-47,19,serie-a,serie-a,Italy,0.0
2020,IT1,130,Parma,38,3,11,24,39,83,20,-44,20,serie-a,serie-a,Italy,68630000.0
2020,L1,27,Bayern Munich,34,24,6,4,99,44,78,55,1,bundesliga,bundesliga,Germany,66000000.0
2020,L1,23826,RB Leipzig,34,19,8,7,60,32,65,28,2,bundesliga,bundesliga,Germany,71000000.0
2020,L1,16,Borussia Dortmund BVB,34,20,4,10,75,46,64,29,3,bundesliga,bundesliga,Germany,55150000.0
2020,L1,82,VfL Wolfsburg,34,17,10,7,61,37,61,24,4,bundesliga,bundesliga,Germany,20000000.0
2020,L1,24,Eintracht Frankfurt,34,16,12,6,69,53,60,16,5,bundesliga,bundesliga,Germany,9000000.0
2020,L1,15,Bayer Leverkusen,34,14,10,10,53,39,52,14,6,bundesliga,bundesliga,Germany,39200000.0
2020,L1,89,Union Berlin,34,12,14,8,50,43,50,7,7,bundesliga,bundesliga,Germany,1500000.0
2020,L1,18,Borussia Mönchengladbach,34,13,10,11,64,56,49,8,8,bundesliga,bundesliga,Germany,10800000.0
2020,L1,79,VfB Stuttgart,34,12,9,13,56,55,45,1,9,bundesliga,bundesliga,Germany,14200000.0
2020,L1,60,SC Freiburg,34,12,9,13,52,52,45,0,10,bundesliga,bundesliga,Germany,13700000.0
2020,L1,533,Hoffenheim,34,11,10,13,52,54,43,-2,11,bundesliga,bundesliga,Germany,3750000.0
2020,L1,39,Mainz 05,34,10,9,15,39,56,39,-17,12,bundesliga,bundesliga,Germany,2000000.0
2020,L1,167,FC Augsburg,34,10,6,18,36,54,36,-18,13,bundesliga,bundesliga,Germany,10300000.0
2020,L1,44,Hertha BSC,34,8,11,15,41,52,35,-11,14,bundesliga,bundesliga,Germany,26000000.0
2020,L1,10,Arminia Bielefeld,34,9,8,17,26,52,35,-26,15,bundesliga,bundesliga,Germany,0.0
2020,L1,3,FC Köln,34,8,9,17,34,60,33,-26,16,bundesliga,bundesliga,Germany,10300000.0
2020,L1,86,Werder Bremen,34,7,10,17,36,57,31,-21,17,bundesliga,bundesliga,Germany,11000000.0
2020,L1,33,Schalke 04,34,3,7,24,25,86,16,-61,18,bundesliga,bundesliga,Germany,0.0
2021,ES1,418,Real Madrid FC,38,26,8,4,80,31,86,49,1,laliga,laliga,Spain,31000000.0
2021,ES1,131,FC Barcelona,38,21,10,7,68,38,73,30,2,laliga,laliga,Spain,69000000.0
2021,ES1,13,Atlético Madrid,38,21,8,9,65,43,71,22,3,laliga,laliga,Spain,75700000.0
2021,ES1,368,Sevilla FC,38,18,16,4,53,30,70,23,4,laliga,laliga,Spain,41500000.0
2021,ES1,150,Real Betis,38,19,8,11,62,40,65,22,5,laliga,laliga,Spain,3250000.0
2021,ES1,681,Real Sociedad,38,17,11,10,40,37,62,3,6,laliga,laliga,Spain,500000.0
2021,ES1,1050,Villarreal CF,38,16,11,11,63,37,59,26,7,laliga,laliga,Spain,54500000.0
2021,ES1,621,Athletic Club Bilbao,38,14,13,11,43,36,55,7,8,laliga,laliga,Spain,0.0
2021,ES1,1049,Valencia CF,38,11,15,12,48,53,48,-5,9,laliga,laliga,Spain,15650000.0
2021,ES1,331,Osasuna,38,12,11,15,37,51,47,-14,10,laliga,laliga,Spain,8000000.0
2021,ES1,940,Celta Vigo,38,12,10,16,43,43,46,0,11,laliga,laliga,Spain,9000000.0
2021,ES1,367,Rayo Vallecano,38,11,9,18,39,50,42,-11,12,laliga,laliga,Spain,4300000.0
2021,ES1,1531,Elche CF,38,11,9,18,40,52,42,-12,13,laliga,laliga,Spain,4200000.0
2021,ES1,714,RCD Espanyol,38,10,12,16,40,53,42,-13,14,laliga,laliga,Spain,3200000.0
2021,ES1,3709,Getafe CF,38,8,15,15,33,41,39,-8,15,laliga,laliga,Spain,11160000.0
2021,ES1,2687,Cádiz CF,38,8,15,15,35,51,39,-16,16,laliga,laliga,Spain,2000000.0
2021,ES1,237,RCD Mallorca,38,10,9,19,36,63,39,-27,17,laliga,laliga,Spain,9000000.0
2021,ES1,16795,Granada CF,38,8,14,16,44,61,38,-17,18,laliga,laliga,Spain,17940000.0
2021,ES1,3368,Levante UD,38,8,11,19,51,76,35,-25,19,laliga,laliga,Spain,0.0
2021,ES1,1108,Deportivo Alavés,38,8,7,23,31,65,31,-34,20,laliga,laliga,Spain,1150000.0
2021,FR1,583,Paris Saint-Germain FC,38,26,8,4,90,36,86,54,1,ligue-1,ligue-1,France,84000000.0
2021,FR1,244,Marseille,38,21,8,9,63,38,71,25,2,ligue-1,ligue-1,France,49900000.0
2021,FR1,162,Monaco FC,38,20,9,9,65,40,69,25,3,ligue-1,ligue-1,France,35300000.0
2021,FR1,417,Nice,38,20,7,11,52,36,67,16,4,ligue-1,ligue-1,France,63000000.0
2021,FR1,273,Rennes,38,20,6,12,82,40,66,42,5,ligue-1,ligue-1,France,81740000.0
2021,FR1,667,Strasbourg,38,17,12,9,60,43,63,17,6,ligue-1,ligue-1,France,4500000.0
2021,FR1,1041,Lyon,38,17,11,10,66,51,62,15,7,ligue-1,ligue-1,France,15000000.0
2021,FR1,826,Lens,38,17,11,10,62,48,62,14,8,ligue-1,ligue-1,France,18600000.0
2021,FR1,995,Nantes,38,15,10,13,55,48,55,7,9,ligue-1,ligue-1,France,7500000.0
2021,FR1,1082,Lille,38,14,13,11,48,48,55,0,10,ligue-1,ligue-1,France,26570000.0
2021,FR1,3911,Brest,38,13,9,16,49,57,48,-8,11,ligue-1,ligue-1,France,5250000.0
2021,FR1,1421,Reims,38,11,13,14,43,44,46,-1,12,ligue-1,ligue-1,France,16000000.0
2021,FR1,969,Montpellier,38,12,7,19,49,61,43,-12,13,ligue-1,ligue-1,France,0.0
2021,FR1,1420,Angers SCO,38,10,11,17,44,55,41,-11,14,ligue-1,ligue-1,France,1370000.0
2021,FR1,1095,Troyes,38,9,11,18,37,53,38,-16,15,ligue-1,ligue-1,France,16500000.0
2021,FR1,1158,Lorient,38,8,12,18,35,63,36,-28,16,ligue-1,ligue-1,France,10000000.0
2021,FR1,3524,Clermont,38,9,9,20,38,69,36,-31,17,ligue-1,ligue-1,France,0.0
2021,FR1,618,Saint-Étienne,38,7,11,20,42,77,32,-35,18,ligue-1,ligue-1,France,0.0
2021,FR1,347,Metz,38,6,13,19,35,69,31,-34,19,ligue-1,ligue-1,France,2500000.0
2021,FR1,40,Bordeaux,38,6,13,19,52,91,31,-39,20,ligue-1,ligue-1,France,2000000.0
2021,GB1,281,Manchester City,38,29,6,3,99,26,93,73,1,premier-league,premier-league,England,138900000.0
2021,GB1,31,Liverpool,38,28,8,2,94,26,92,68,2,premier-league,premier-league,England,89000000.0
2021,GB1,631,Chelsea,38,21,11,6,76,33,74,43,3,premier-league,premier-league,England,113000000.0
2021,GB1,148,Tottenham,38,22,5,11,69,40,71,29,4,premier-league,premier-league,England,85900000.0
2021,GB1,11,Arsenal,38,22,3,13,61,48,69,13,5,premier-league,premier-league,England,167400000.0
2021,GB1,985,Manchester United,38,16,10,12,57,57,58,0,6,premier-league,premier-league,England,125000000.0
2021,GB1,379,West Ham,38,16,8,14,60,51,56,9,7,premier-league,premier-league,England,67300000.0
2021,GB1,1003,Leicester City,38,14,10,14,62,59,52,3,8,premier-league,premier-league,England,20000000.0
2021,GB1,1237,Brighton,38,12,15,11,42,44,51,-2,9,premier-league,premier-league,England,52580000.0
2021,GB1,543,Wolves,38,15,6,17,38,43,51,-5,10,premier-league,premier-league,England,28400000.0
2021,GB1,762,Newcastle United,38,13,10,15,44,62,49,-18,11,premier-league,premier-league,England,130500000.0
2021,GB1,873,Crystal Palace,38,11,15,12,50,46,48,4,12,premier-league,premier-league,England,85620000.0
2021,GB1,1148,Brentford,38,13,7,18,48,56,46,-8,13,premier-league,premier-league,England,37200000.0
2021,GB1,405,Aston Villa,38,13,6,19,52,54,45,-2,14,premier-league,premier-league,England,129800000.0
2021,GB1,180,Southampton FC,38,9,13,16,43,67,40,-24,15,premier-league,premier-league,England,55900000.0
2021,GB1,29,Everton,38,11,6,21,43,66,39,-23,16,premier-league,premier-league,England,37500000.0
2021,GB1,399,Leeds United,38,9,11,18,42,79,38,-37,17,premier-league,premier-league,England,59300000.0
2021,GB1,1132,Burnley,38,7,14,17,34,53,35,-19,18,premier-league,premier-league,England,49400000.0
2021,GB1,1010,Watford FC,38,6,5,27,34,77,23,-43,19,premier-league,premier-league,England,29500000.0
2021,GB1,1123,Norwich City,38,5,7,26,23,84,22,-61,20,premier-league,premier-league,England,39250000.0
2021,IT1,5,AC Milan,38,26,8,4,69,31,86,38,1,serie-a,serie-a,Italy,90080000.0
2021,IT1,46,Inter Milan,38,25,9,4,84,32,84,52,2,serie-a,serie-a,Italy,36550000.0
2021,IT1,6195,Napoli,38,24,7,7,74,31,79,43,3,serie-a,serie-a,Italy,22100000.0
2021,IT1,506,Juventus,38,20,10,8,57,37,70,20,4,serie-a,serie-a,Italy,136550000.0
2021,IT1,398,Lazio,38,18,10,10,77,58,64,19,5,serie-a,serie-a,Italy,13300000.0
2021,IT1,12,AS Roma,38,18,9,11,59,43,63,16,6,serie-a,serie-a,Italy,118750000.0
2021,IT1,430,Fiorentina,38,19,5,14,59,51,62,8,7,serie-a,serie-a,Italy,66420000.0
2021,IT1,800,Atalanta,38,16,11,11,65,48,59,17,8,serie-a,serie-a,Italy,67700000.0
2021,IT1,276,Hellas Verona,38,14,11,13,65,59,53,6,9,serie-a,serie-a,Italy,38800000.0
2021,IT1,416,Torino,38,13,11,14,46,41,50,5,10,serie-a,serie-a,Italy,10400000.0
2021,IT1,6574,Sassuolo,38,13,11,14,64,66,50,-2,11,serie-a,serie-a,Italy,33970000.0
2021,IT1,410,Udinese,38,11,14,13,61,58,47,3,12,serie-a,serie-a,Italy,9400000.0
2021,IT1,1025,Bologna,38,12,10,16,44,55,46,-11,13,serie-a,serie-a,Italy,17965000.0
2021,IT1,749,Empoli,38,10,11,17,50,70,41,-20,14,serie-a,serie-a,Italy,9200000.0
2021,IT1,1038,Sampdoria,38,10,6,22,46,63,36,-17,15,serie-a,serie-a,Italy,2500000.0
2021,IT1,3522,Spezia,38,10,6,22,41,71,36,-30,16,serie-a,serie-a,Italy,12780000.0
2021,IT1,380,Salernitana,38,7,10,21,33,78,31,-45,17,serie-a,serie-a,Italy,10600000.0
2021,IT1,1390,Cagliari,38,6,12,20,34,68,30,-34,18,serie-a,serie-a,Italy,12825000.0
2021,IT1,252,Genoa,38,4,16,18,27,60,28,-33,19,serie-a,serie-a,Italy,36500000.0
2021,IT1,607,Venezia,38,6,9,23,34,69,27,-35,20,serie-a,serie-a,Italy,15640000.0
2021,L1,27,Bayern Munich,34,24,5,5,97,37,77,60,1,bundesliga,bundesliga,Germany,57500000.0
2021,L1,16,Borussia Dortmund BVB,34,22,3,9,85,52,69,33,2,bundesliga,bundesliga,Germany,45000000.0
2021,L1,15,Bayer Leverkusen,34,19,7,8,80,47,64,33,3,bundesliga,bundesliga,Germany,55350000.0
2021,L1,23826,RB Leipzig,34,17,7,10,72,37,58,35,4,bundesliga,bundesliga,Germany,124400000.0
2021,L1,89,Union Berlin,34,16,9,9,50,44,57,6,5,bundesliga,bundesliga,Germany,17200000.0
2021,L1,60,SC Freiburg,34,15,10,9,58,46,55,12,6,bundesliga,bundesliga,Germany,9500000.0
2021,L1,3,FC Köln,34,14,10,10,52,49,52,3,7,bundesliga,bundesliga,Germany,0.0
2021,L1,39,Mainz 05,34,13,7,14,50,45,46,5,8,bundesliga,bundesliga,Germany,7000000.0
2021,L1,533,Hoffenheim,34,13,7,14,58,60,46,-2,9,bundesliga,bundesliga,Germany,0.0
2021,L1,18,Borussia Mönchengladbach,34,12,9,13,54,61,45,-7,10,bundesliga,bundesliga,Germany,17000000.0
2021,L1,24,Eintracht Frankfurt,34,10,12,12,45,49,42,-4,11,bundesliga,bundesliga,Germany,9190000.0
2021,L1,82,VfL Wolfsburg,34,12,6,16,43,54,42,-11,12,bundesliga,bundesliga,Germany,76780000.0
2021,L1,80,VfL Bochum,34,12,6,16,38,52,42,-14,13,bundesliga,bundesliga,Germany,0.0
2021,L1,167,FC Augsburg,34,10,8,16,39,56,38,-17,14,bundesliga,bundesliga,Germany,23560000.0
2021,L1,79,VfB Stuttgart,34,7,12,15,41,59,33,-18,15,bundesliga,bundesliga,Germany,16850000.0
2021,L1,44,Hertha BSC,34,9,6,19,37,71,33,-34,16,bundesliga,bundesliga,Germany,26100000.0
2021,L1,10,Arminia Bielefeld,34,5,13,16,27,53,28,-26,17,bundesliga,bundesliga,Germany,5400000.0
2021,L1,65,Greuther Fürth,34,3,9,22,28,82,18,-54,18,bundesliga,bundesliga,Germany,300000.0
2022,ES1,131,FC Barcelona,38,28,4,6,70,20,88,50,1,laliga,laliga,Spain,159000000.0
2022,ES1,418,Real Madrid FC,38,24,6,8,75,36,78,39,2,laliga,laliga,Spain,80000000.0
2022,ES1,13,Atlético Madrid,38,23,8,7,70,33,77,37,3,laliga,laliga,Spain,29500000.0
2022,ES1,681,Real Sociedad,38,21,8,9,51,35,71,16,4,laliga,laliga,Spain,53500000.0
2022,ES1,1050,Villarreal CF,38,19,7,12,59,40,64,19,5,laliga,laliga,Spain,6480000.0
2022,ES1,150,Real Betis,38,17,9,12,46,41,60,5,6,laliga,laliga,Spain,27400000.0
2022,ES1,331,Osasuna,38,15,8,15,37,42,53,-5,7,laliga,laliga,Spain,1800000.0
2022,ES1,621,Athletic Club Bilbao,38,14,9,15,47,43,51,4,8,laliga,laliga,Spain,0.0
2022,ES1,237,RCD Mallorca,38,14,8,16,37,43,50,-6,9,laliga,laliga,Spain,13020000.0
2022,ES1,12321,Girona FC,38,13,10,15,58,55,49,3,10,laliga,laliga,Spain,21500000.0
2022,ES1,368,Sevilla FC,38,13,10,15,47,54,49,-7,11,laliga,laliga,Spain,30400000.0
2022,ES1,367,Rayo Vallecano,38,13,10,15,45,53,49,-8,12,laliga,laliga,Spain,14300000.0
2022,ES1,940,Celta Vigo,38,11,10,17,43,53,43,-10,13,laliga,laliga,Spain,23780000.0
2022,ES1,1049,Valencia CF,38,11,9,18,42,45,42,-3,14,laliga,laliga,Spain,12000000.0
2022,ES1,3709,Getafe CF,38,10,12,16,34,45,42,-11,15,laliga,laliga,Spain,15750000.0
2022,ES1,2687,Cádiz CF,38,10,12,16,30,53,42,-23,16,laliga,laliga,Spain,11500000.0
2022,ES1,3302,UD Almería,38,11,8,19,49,65,41,-16,17,laliga,laliga,Spain,37080000.0
2022,ES1,366,Real Valladolid CF,38,11,7,20,33,63,40,-30,18,laliga,laliga,Spain,2800000.0
2022,ES1,714,RCD Espanyol,38,8,13,17,52,69,37,-17,19,laliga,laliga,Spain,17800000.0
2022,ES1,1531,Elche CF,38,5,10,23,30,67,25,-37,20,laliga,laliga,Spain,7000000.0
2022,FR1,583,Paris Saint-Germain FC,38,27,4,7,89,40,85,49,1,ligue-1,ligue-1,France,147000000.0
2022,FR1,826,Lens,38,25,9,4,68,29,84,39,2,ligue-1,ligue-1,France,43590000.0
2022,FR1,244,Marseille,38,22,7,9,67,40,73,27,3,ligue-1,ligue-1,France,119550000.0
2022,FR1,273,Rennes,38,21,5,12,69,39,68,30,4,ligue-1,ligue-1,France,82500000.0
2022,FR1,1082,Lille,38,19,10,9,65,44,67,21,5,ligue-1,ligue-1,France,25500000.0
2022,FR1,162,Monaco FC,38,19,8,11,70,58,65,12,6,ligue-1,ligue-1,France,42500000.0
2022,FR1,1041,Lyon,38,18,8,12,65,47,62,18,7,ligue-1,ligue-1,France,32450000.0
2022,FR1,3524,Clermont,38,17,8,13,45,49,59,-4,8,ligue-1,ligue-1,France,2300000.0
2022,FR1,417,Nice,38,15,13,10,48,37,58,11,9,ligue-1,ligue-1,France,80500000.0
2022,FR1,1158,Lorient,38,15,10,13,52,53,55,-1,10,ligue-1,ligue-1,France,29200000.0
2022,FR1,1421,Reims,38,12,15,11,45,45,51,0,11,ligue-1,ligue-1,France,19900000.0
2022,FR1,969,Montpellier,38,15,5,18,65,62,50,3,12,ligue-1,ligue-1,France,9000000.0
2022,FR1,415,Toulouse,38,13,9,16,51,57,48,-6,13,ligue-1,ligue-1,France,14400000.0
2022,FR1,3911,Brest,38,11,11,16,44,54,44,-10,14,ligue-1,ligue-1,France,5350000.0
2022,FR1,667,Strasbourg,38,9,13,16,51,59,40,-8,15,ligue-1,ligue-1,France,7000000.0
2022,FR1,995,Nantes,38,7,15,16,37,55,36,-18,16,ligue-1,ligue-1,France,12200000.0
2022,FR1,290,Auxerre,38,8,11,19,35,63,35,-28,17,ligue-1,ligue-1,France,500000.0
2022,FR1,1147,AC Ajaccio,38,7,5,26,23,74,26,-51,18,ligue-1,ligue-1,France,0.0
2022,FR1,1095,Troyes,38,4,12,22,45,81,24,-36,19,ligue-1,ligue-1,France,18800000.0
2022,FR1,1420,Angers SCO,38,4,6,28,33,81,18,-48,20,ligue-1,ligue-1,France,3700000.0
2022,GB1,281,Manchester City,38,28,5,5,94,33,89,61,1,premier-league,premier-league,England,155000000.0
2022,GB1,11,Arsenal,38,26,6,6,88,43,84,45,2,premier-league,premier-league,England,186400000.0
2022,GB1,985,Manchester United,38,23,6,9,58,43,75,15,3,premier-league,premier-league,England,238020000.0
2022,GB1,762,Newcastle United,38,19,14,5,68,33,71,35,4,premier-league,premier-league,England,189450000.0
2022,GB1,31,Liverpool,38,19,10,9,75,47,67,28,5,premier-league,premier-league,England,136400000.0
2022,GB1,1237,Brighton,38,18,8,12,72,53,62,19,6,premier-league,premier-league,England,55700000.0
2022,GB1,405,Aston Villa,38,18,7,13,51,46,61,5,7,premier-league,premier-league,England,112500000.0
2022,GB1,148,Tottenham,38,18,6,14,70,63,60,7,8,premier-league,premier-league,England,171900000.0
2022,GB1,1148,Brentford,38,15,14,9,58,46,59,12,9,premier-league,premier-league,England,48250000.0
2022,GB1,931,Fulham,38,15,7,16,55,53,52,2,10,premier-league,premier-league,England,76100000.0
2022,GB1,873,Crystal Palace,38,11,12,15,40,49,45,-9,11,premier-league,premier-league,England,46600000.0
2022,GB1,631,Chelsea,38,11,11,16,38,47,44,-9,12,premier-league,premier-league,England,574350000.0
2022,GB1,543,Wolves,38,11,8,19,31,58,41,-27,13,premier-league,premier-league,England,177507000.0
2022,GB1,379,West Ham,38,11,7,20,42,55,40,-13,14,premier-league,premier-league,England,196600000.0
2022,GB1,989,Bournemouth,38,11,6,21,37,71,39,-34,15,premier-league,premier-league,England,92650000.0
2022,GB1,703,Nottingham Forest,38,9,11,18,38,68,38,-30,16,premier-league,premier-league,England,188850000.0
2022,GB1,29,Everton,38,8,12,18,34,57,36,-23,17,premier-league,premier-league,England,83070000.0
2022,GB1,1003,Leicester City,38,9,7,22,51,68,34,-17,18,premier-league,premier-league,England,48000000.0
2022,GB1,399,Leeds United,38,7,10,21,48,78,31,-30,19,premier-league,premier-league,England,156840000.0
2022,GB1,180,Southampton FC,38,6,7,25,36,73,25,-37,20,premier-league,premier-league,England,140210000.0
2022,IT1,6195,Napoli,38,28,6,4,77,28,90,49,1,serie-a,serie-a,Italy,70300000.0
2022,IT1,398,Lazio,38,22,8,8,60,30,74,30,2,serie-a,serie-a,Italy,41650000.0
2022,IT1,46,Inter Milan,38,23,3,12,71,42,72,29,3,serie-a,serie-a,Italy,54700000.0
2022,IT1,506,Juventus,38,22,6,10,56,33,72,23,4,serie-a,serie-a,Italy,125600000.0
2022,IT1,5,AC Milan,38,20,10,8,64,43,70,21,5,serie-a,serie-a,Italy,59960000.0
2022,IT1,800,Atalanta,38,19,7,12,66,48,64,18,6,serie-a,serie-a,Italy,91900000.0
2022,IT1,12,AS Roma,38,18,9,11,50,38,63,12,7,serie-a,serie-a,Italy,7400000.0
2022,IT1,430,Fiorentina,38,15,11,12,53,43,56,10,8,serie-a,serie-a,Italy,35660000.0
2022,IT1,1025,Bologna,38,14,12,12,53,49,54,4,9,serie-a,serie-a,Italy,48200000.0
2022,IT1,416,Torino,38,14,11,13,42,41,53,1,10,serie-a,serie-a,Italy,31300000.0
2022,IT1,2919,Monza,38,14,10,14,48,52,52,-4,11,serie-a,serie-a,Italy,34020000.0
2022,IT1,410,Udinese,38,11,13,14,47,48,46,-1,12,serie-a,serie-a,Italy,65460000.0
2022,IT1,6574,Sassuolo,38,12,9,17,47,61,45,-14,13,serie-a,serie-a,Italy,43100000.0
2022,IT1,749,Empoli,38,10,13,15,37,49,43,-12,14,serie-a,serie-a,Italy,13350000.0
2022,IT1,380,Salernitana,38,9,15,14,48,62,42,-14,15,serie-a,serie-a,Italy,41790000.0
2022,IT1,1005,Lecce,38,8,12,18,33,46,36,-13,16,serie-a,serie-a,Italy,5330000.0
2022,IT1,276,Hellas Verona,38,7,10,21,31,59,31,-28,17,serie-a,serie-a,Italy,43710000.0
2022,IT1,3522,Spezia,38,6,13,19,31,62,31,-31,18,serie-a,serie-a,Italy,4100000.0
2022,IT1,2239,Cremonese,38,5,12,21,36,69,27,-33,19,serie-a,serie-a,Italy,12800000.0
2022,IT1,1038,Sampdoria,38,3,10,25,24,71,19,-47,20,serie-a,serie-a,Italy,5000000.0
2022,L1,27,Bayern Munich,34,21,8,5,92,38,71,54,1,bundesliga,bundesliga,Germany,114500000.0
2022,L1,16,Borussia Dortmund BVB,34,22,5,7,83,44,71,39,2,bundesliga,bundesliga,Germany,99500000.0
2022,L1,23826,RB Leipzig,34,20,6,8,64,41,66,23,3,bundesliga,bundesliga,Germany,58000000.0
2022,L1,89,Union Berlin,34,18,8,8,51,38,62,13,4,bundesliga,bundesliga,Germany,24150000.0
2022,L1,60,SC Freiburg,34,17,8,9,51,44,59,7,5,bundesliga,bundesliga,Germany,17950000.0
2022,L1,15,Bayer Leverkusen,34,14,8,12,57,49,50,8,6,bundesliga,bundesliga,Germany,15100000.0
2022,L1,24,Eintracht Frankfurt,34,13,11,10,58,52,50,6,7,bundesliga,bundesliga,Germany,28500000.0
2022,L1,82,VfL Wolfsburg,34,13,10,11,57,48,49,9,8,bundesliga,bundesliga,Germany,36250000.0
2022,L1,39,Mainz 05,34,12,10,12,54,55,46,-1,9,bundesliga,bundesliga,Germany,21800000.0
2022,L1,18,Borussia Mönchengladbach,34,11,10,13,52,55,43,-3,10,bundesliga,bundesliga,Germany,24000000.0
2022,L1,3,FC Köln,34,10,12,12,49,54,42,-5,11,bundesliga,bundesliga,Germany,6750000.0
2022,L1,533,Hoffenheim,34,10,6,18,48,57,36,-9,12,bundesliga,bundesliga,Germany,19800000.0
2022,L1,86,Werder Bremen,34,10,6,18,51,64,36,-13,13,bundesliga,bundesliga,Germany,4000000.0
2022,L1,80,VfL Bochum,34,10,5,19,40,72,35,-32,14,bundesliga,bundesliga,Germany,635000.0
2022,L1,167,FC Augsburg,34,9,7,18,42,63,34,-21,15,bundesliga,bundesliga,Germany,13250000.0
2022,L1,79,VfB Stuttgart,34,7,12,15,45,57,33,-12,16,bundesliga,bundesliga,Germany,12950000.0
2022,L1,33,Schalke 04,34,7,10,17,35,71,31,-36,17,bundesliga,bundesliga,Germany,7280000.0
2022,L1,44,Hertha BSC,34,7,8,19,42,69,29,-27,18,bundesliga,bundesliga,Germany,7350000.0
2023,ES1,418,Real Madrid FC,38,29,8,1,87,26,95,61,1,laliga,laliga,Spain,160000000.0
2023,ES1,131,FC Barcelona,38,26,7,5,79,44,85,35,2,laliga,laliga,Spain,33400000.0
2023,ES1,12321,Girona FC,38,25,6,7,85,46,81,39,3,laliga,laliga,Spain,22250000.0
2023,ES1,13,Atlético Madrid,38,24,4,10,70,43,76,27,4,laliga,laliga,Spain,56500000.0
2023,ES1,621,Athletic Club Bilbao,38,19,11,8,61,37,68,24,5,laliga,laliga,Spain,0.0
2023,ES1,681,Real Sociedad,38,16,12,10,51,39,60,12,6,laliga,laliga,Spain,19000000.0
2023,ES1,150,Real Betis,38,14,15,9,48,45,57,3,7,laliga,laliga,Spain,33200000.0
2023,ES1,1050,Villarreal CF,38,14,11,13,65,65,53,0,8,laliga,laliga,Spain,12500000.0
2023,ES1,1049,Valencia CF,38,13,10,15,40,45,49,-5,9,laliga,laliga,Spain,10250000.0
2023,ES1,1108,Deportivo Alavés,38,12,10,16,36,46,46,-10,10,laliga,laliga,Spain,10400000.0
2023,ES1,331,Osasuna,38,12,9,17,45,56,45,-11,11,laliga,laliga,Spain,7000000.0
2023,ES1,3709,Getafe CF,38,10,13,15,42,54,43,-12,12,laliga,laliga,Spain,11000000.0
2023,ES1,368,Sevilla FC,38,10,11,17,48,54,41,-6,13,laliga,laliga,Spain,32000000.0
2023,ES1,940,Celta Vigo,38,10,11,17,46,57,41,-11,14,laliga,laliga,Spain,31200000.0
2023,ES1,237,RCD Mallorca,38,8,16,14,33,44,40,-11,15,laliga,laliga,Spain,24300000.0
2023,ES1,472,UD Las Palmas,38,10,10,18,33,47,40,-14,16,laliga,laliga,Spain,4800000.0
2023,ES1,367,Rayo Vallecano,38,8,14,16,29,48,38,-19,17,laliga,laliga,Spain,17300000.0
2023,ES1,2687,Cádiz CF,38,6,15,17,26,55,33,-29,18,laliga,laliga,Spain,6000000.0
2023,ES1,3302,UD Almería,38,3,12,23,43,75,21,-32,19,laliga,laliga,Spain,54250000.0
2023,ES1,16795,Granada CF,38,4,9,25,38,79,21,-41,20,laliga,laliga,Spain,18940000.0
2023,FR1,583,Paris Saint-Germain FC,34,22,10,2,81,33,76,48,1,ligue-1,ligue-1,France,454500000.0
2023,FR1,162,Monaco FC,34,20,7,7,68,42,67,26,2,ligue-1,ligue-1,France,84100000.0
2023,FR1,3911,Brest,34,17,10,7,53,34,61,19,3,ligue-1,ligue-1,France,3500000.0
2023,FR1,1082,Lille,34,16,11,7,52,34,59,18,4,ligue-1,ligue-1,France,39450000.0
2023,FR1,417,Nice,34,15,10,9,40,29,55,11,5,ligue-1,ligue-1,France,52500000.0
2023,FR1,1041,Lyon,34,16,5,13,49,55,53,-6,6,ligue-1,ligue-1,France,59180000.0
2023,FR1,826,Lens,34,14,9,11,45,37,51,8,7,ligue-1,ligue-1,France,64250000.0
2023,FR1,244,Marseille,34,13,11,10,52,41,50,11,8,ligue-1,ligue-1,France,99600000.0
2023,FR1,1421,Reims,34,13,8,13,42,47,47,-5,9,ligue-1,ligue-1,France,53850000.0
2023,FR1,273,Rennes,34,12,10,12,53,46,46,7,10,ligue-1,ligue-1,France,84400000.0
2023,FR1,415,Toulouse,34,11,10,13,42,46,43,-4,11,ligue-1,ligue-1,France,18250000.0
2023,FR1,969,Montpellier,34,10,12,12,43,48,42,-5,12,ligue-1,ligue-1,France,9150000.0
2023,FR1,667,Strasbourg,34,10,9,15,38,50,39,-12,13,ligue-1,ligue-1,France,60700000.0
2023,FR1,995,Nantes,34,9,6,19,30,55,33,-25,14,ligue-1,ligue-1,France,27550000.0
2023,FR1,738,Le Havre,34,7,11,16,34,45,32,-11,15,ligue-1,ligue-1,France,2900000.0
2023,FR1,1158,Lorient,34,7,8,19,43,66,29,-23,16,ligue-1,ligue-1,France,27900000.0
2023,FR1,347,Metz,34,8,5,21,35,58,29,-23,17,ligue-1,ligue-1,France,6300000.0
2023,FR1,3524,Clermont,34,5,10,19,26,60,25,-34,18,ligue-1,ligue-1,France,6600000.0
2023,GB1,281,Manchester City,38,28,7,3,96,34,91,62,1,premier-league,premier-league,England,259600000.0
2023,GB1,11,Arsenal,38,28,5,5,91,29,89,62,2,premier-league,premier-league,England,231600000.0
2023,GB1,31,Liverpool,38,24,10,4,86,41,82,45,3,premier-league,premier-league,England,172000000.0
2023,GB1,405,Aston Villa,38,20,8,10,76,61,68,15,4,premier-league,premier-league,England,106500000.0
2023,GB1,148,Tottenham,38,20,6,12,74,61,66,13,5,premier-league,premier-league,England,272100000.0
2023,GB1,631,Chelsea,38,18,9,11,77,63,63,14,6,premier-league,premier-league,England,464100000.0
2023,GB1,762,Newcastle United,38,18,6,14,85,62,60,23,7,premier-league,premier-league,England,150000000.0
2023,GB1,985,Manchester United,38,18,6,14,57,58,60,-1,8,premier-league,premier-league,England,200700000.0
2023,GB1,379,West Ham,38,14,10,14,60,74,52,-14,9,premier-league,premier-league,England,137550000.0
2023,GB1,873,Crystal Palace,38,13,10,15,57,58,49,-1,10,premier-league,premier-league,England,67800000.0
2023,GB1,1237,Brighton,38,12,12,14,55,62,48,-7,11,premier-league,premier-league,England,109850000.0
2023,GB1,29,Everton,38,13,9,16,40,51,48,-11,12,premier-league,premier-league,England,37500000.0
2023,GB1,989,Bournemouth,38,13,9,16,54,67,48,-13,13,premier-league,premier-league,England,129890000.0
2023,GB1,931,Fulham,38,13,8,17,55,61,47,-6,14,premier-league,premier-league,England,68470000.0
2023,GB1,543,Wolves,38,13,7,18,50,65,46,-15,15,premier-league,premier-league,England,94000000.0
2023,GB1,1148,Brentford,38,10,9,19,56,65,39,-9,16,premier-league,premier-league,England,72350000.0
2023,GB1,703,Nottingham Forest,38,9,9,20,49,67,36,-18,17,premier-league,premier-league,England,129480000.0
2023,GB1,1031,Luton Town,38,6,8,24,52,85,26,-33,18,premier-league,premier-league,England,25900000.0
2023,GB1,1132,Burnley,38,5,9,24,41,78,24,-37,19,premier-league,premier-league,England,111050000.0
2023,GB1,350,Sheffield United,38,3,7,28,35,104,16,-69,20,premier-league,premier-league,England,66950000.0
2023,IT1,46,Inter Milan,38,29,7,2,89,22,94,67,1,serie-a,serie-a,Italy,72500000.0
2023,IT1,5,AC Milan,38,22,9,7,76,49,75,27,2,serie-a,serie-a,Italy,130800000.0
2023,IT1,506,Juventus,38,19,14,5,54,31,71,23,3,serie-a,serie-a,Italy,89800000.0
2023,IT1,800,Atalanta,38,21,6,11,72,42,69,30,4,serie-a,serie-a,Italy,75860000.0
2023,IT1,1025,Bologna,38,18,14,6,54,32,68,22,5,serie-a,serie-a,Italy,95490000.0
2023,IT1,12,AS Roma,38,18,9,11,65,46,63,19,6,serie-a,serie-a,Italy,17150000.0
2023,IT1,398,Lazio,38,18,7,13,49,39,61,10,7,serie-a,serie-a,Italy,42900000.0
2023,IT1,430,Fiorentina,38,17,9,12,61,46,60,15,8,serie-a,serie-a,Italy,49100000.0
2023,IT1,6195,Napoli,38,13,14,11,55,48,53,7,9,serie-a,serie-a,Italy,119200000.0
2023,IT1,416,Torino,38,13,14,11,36,36,53,0,10,serie-a,serie-a,Italy,44750000.0
2023,IT1,252,Genoa,38,12,13,13,45,45,49,0,11,serie-a,serie-a,Italy,45500000.0
2023,IT1,2919,Monza,38,11,12,15,39,51,45,-12,12,serie-a,serie-a,Italy,44800000.0
2023,IT1,276,Hellas Verona,38,9,11,18,38,51,38,-13,13,serie-a,serie-a,Italy,13700000.0
2023,IT1,1005,Lecce,38,8,14,16,32,54,38,-22,14,serie-a,serie-a,Italy,27270000.0
2023,IT1,410,Udinese,38,6,19,13,37,53,37,-16,15,serie-a,serie-a,Italy,35450000.0
2023,IT1,749,Empoli,38,9,9,20,29,54,36,-25,16,serie-a,serie-a,Italy,11400000.0
2023,IT1,1390,Cagliari,38,8,12,18,42,68,36,-26,17,serie-a,serie-a,Italy,25340000.0
2023,IT1,8970,Frosinone,38,8,11,19,44,69,35,-25,18,serie-a,serie-a,Italy,11760000.0
2023,IT1,6574,Sassuolo,38,7,9,22,43,75,30,-32,19,serie-a,serie-a,Italy,60500000.0
2023,IT1,380,Salernitana,38,2,11,25,32,81,17,-49,20,serie-a,serie-a,Italy,28050000.0
2023,L1,15,Bayer Leverkusen,34,28,6,0,89,24,90,65,1,bundesliga,bundesliga,Germany,82900000.0
2023,L1,79,VfB Stuttgart,34,23,4,7,78,39,73,39,2,bundesliga,bundesliga,Germany,20450000.0
2023,L1,27,Bayern Munich,34,23,3,8,94,45,72,49,3,bundesliga,bundesliga,Germany,180000000.0
2023,L1,23826,RB Leipzig,34,19,8,7,77,39,65,38,4,bundesliga,bundesliga,Germany,187150000.0
2023,L1,16,Borussia Dortmund BVB,34,18,9,7,68,43,63,25,5,bundesliga,bundesliga,Germany,66250000.0
2023,L1,24,Eintracht Frankfurt,34,11,14,9,51,50,47,1,6,bundesliga,bundesliga,Germany,80800000.0
2023,L1,533,Hoffenheim,34,13,7,14,66,66,46,0,7,bundesliga,bundesliga,Germany,43300000.0
2023,L1,2036,Heidenheim,34,10,12,12,50,55,42,-5,8,bundesliga,bundesliga,Germany,2300000.0
2023,L1,86,Werder Bremen,34,11,9,14,48,54,42,-6,9,bundesliga,bundesliga,Germany,8750000.0
2023,L1,60,SC Freiburg,34,11,9,14,45,58,42,-13,10,bundesliga,bundesliga,Germany,8500000.0
2023,L1,167,FC Augsburg,34,10,9,15,50,60,39,-10,11,bundesliga,bundesliga,Germany,9650000.0
2023,L1,82,VfL Wolfsburg,34,10,7,17,41,56,37,-15,12,bundesliga,bundesliga,Germany,74800000.0
2023,L1,39,Mainz 05,34,7,14,13,39,51,35,-12,13,bundesliga,bundesliga,Germany,10000000.0
2023,L1,18,Borussia Mönchengladbach,34,7,13,14,56,67,34,-11,14,bundesliga,bundesliga,Germany,28780000.0
2023,L1,89,Union Berlin,34,9,6,19,33,58,33,-25,15,bundesliga,bundesliga,Germany,38250000.0
2023,L1,80,VfL Bochum,34,7,12,15,42,74,33,-32,16,bundesliga,bundesliga,Germany,2450000.0
2023,L1,3,FC Köln,34,5,12,17,28,60,27,-32,17,bundesliga,bundesliga,Germany,2500000.0
2023,L1,105,Darmstadt 98,34,3,8,23,30,86,17,-56,18,bundesliga,bundesliga,Germany,3800000.0
2024,ES1,131,FC Barcelona,38,28,4,6,102,39,88,63,1,laliga,laliga,Spain,60500000.0
2024,ES1,418,Real Madrid FC,38,26,6,6,78,38,84,40,2,laliga,laliga,Spain,49000000.0
2024,ES1,13,Atlético Madrid,38,22,10,6,68,30,76,38,3,laliga,laliga,Spain,183500000.0
2024,ES1,621,Athletic Club Bilbao,38,19,13,6,54,29,70,25,4,laliga,laliga,Spain,18000000.0
2024,ES1,1050,Villarreal CF,38,20,10,8,71,51,70,20,5,laliga,laliga,Spain,68000000.0
2024,ES1,150,Real Betis,38,16,12,10,57,50,60,7,6,laliga,laliga,Spain,40050000.0
2024,ES1,940,Celta Vigo,38,16,7,15,59,57,55,2,7,laliga,laliga,Spain,11200000.0
2024,ES1,331,Osasuna,38,12,16,10,48,52,52,-4,8,laliga,laliga,Spain,7800000.0
2024,ES1,367,Rayo Vallecano,38,13,13,12,41,45,52,-4,9,laliga,laliga,Spain,0.0
2024,ES1,237,RCD Mallorca,38,13,9,16,35,44,48,-9,10,laliga,laliga,Spain,2350000.0
2024,ES1,1049,Valencia CF,38,11,13,14,44,54,46,-10,11,laliga,laliga,Spain,1225000.0
2024,ES1,681,Real Sociedad,38,13,7,18,35,46,46,-11,12,laliga,laliga,Spain,45200000.0
2024,ES1,1108,Deportivo Alavés,37,10,12,15,38,46,42,-8,13,laliga,laliga,Spain,6500000.0
2024,ES1,714,RCD Espanyol,38,11,9,18,40,51,42,-11,14,laliga,laliga,Spain,0.0
2024,ES1,368,Sevilla FC,38,10,11,17,42,55,41,-13,15,laliga,laliga,Spain,20000000.0
2024,ES1,12321,Girona FC,38,11,8,19,44,60,41,-16,16,laliga,laliga,Spain,45500000.0
2024,ES1,1244,CD Leganés,38,9,13,16,39,56,40,-17,17,laliga,laliga,Spain,3715000.0
2024,ES1,3709,Getafe CF,37,10,9,18,32,39,39,-7,18,laliga,laliga,Spain,9200000.0
2024,ES1,472,UD Las Palmas,38,8,8,22,40,61,32,-21,19,laliga,laliga,Spain,4000000.0
2024,ES1,366,Real Valladolid CF,38,4,4,30,26,90,16,-64,20,laliga,laliga,Spain,16675000.0
2024,FR1,583,Paris Saint-Germain FC,34,26,6,2,92,35,84,57,1,ligue-1,ligue-1,France,255920000.0
2024,FR1,244,Marseille,34,20,5,9,74,47,65,27,2,ligue-1,ligue-1,France,106000000.0
2024,FR1,162,Monaco FC,34,18,7,9,63,41,61,22,3,ligue-1,ligue-1,France,87750000.0
2024,FR1,417,Nice,34,17,9,8,66,41,60,25,4,ligue-1,ligue-1,France,20700000.0
2024,FR1,1082,Lille,34,17,9,8,52,36,60,16,5,ligue-1,ligue-1,France,24500000.0
2024,FR1,1041,Lyon,34,17,6,11,65,46,57,19,6,ligue-1,ligue-1,France,144290000.0
2024,FR1,667,Strasbourg,34,16,9,9,56,44,57,12,7,ligue-1,ligue-1,France,61900000.0
2024,FR1,826,Lens,34,15,7,12,42,39,52,3,8,ligue-1,ligue-1,France,20350000.0
2024,FR1,3911,Brest,34,15,5,14,52,59,50,-7,9,ligue-1,ligue-1,France,10200000.0
2024,FR1,415,Toulouse,34,11,9,14,44,43,42,1,10,ligue-1,ligue-1,France,7500000.0
2024,FR1,290,Auxerre,34,11,9,14,48,51,42,-3,11,ligue-1,ligue-1,France,4400000.0
2024,FR1,273,Rennes,34,13,2,19,51,50,41,1,12,ligue-1,ligue-1,France,151120000.0
2024,FR1,995,Nantes,34,8,12,14,39,52,36,-13,13,ligue-1,ligue-1,France,10000000.0
2024,FR1,1420,Angers SCO,34,10,6,18,32,53,36,-21,14,ligue-1,ligue-1,France,0.0
2024,FR1,738,Le Havre,34,10,4,20,40,71,34,-31,15,ligue-1,ligue-1,France,0.0
2024,FR1,1421,Reims,34,8,9,17,33,47,33,-14,16,ligue-1,ligue-1,France,13200000.0
2024,FR1,618,Saint-Étienne,34,8,6,20,39,77,30,-38,17,ligue-1,ligue-1,France,17100000.0
2024,FR1,969,Montpellier,34,4,4,26,23,79,16,-56,18,ligue-1,ligue-1,France,0.0
2024,GB1,281,Manchester City,27,15,6,6,53,30,51,23,1,premier-league,premier-league,England,243000000.0
2024,GB1,11,Arsenal,28,13,12,3,49,28,51,21,2,premier-league,premier-league,England,107600000.0
2024,GB1,31,Liverpool,25,14,8,3,54,31,50,23,3,premier-league,premier-league,England,42000000.0
2024,GB1,631,Chelsea,26,13,8,5,47,31,47,16,4,premier-league,premier-league,England,276000000.0
2024,GB1,1237,Brighton,29,12,10,7,49,41,46,8,5,premier-league,premier-league,England,281450000.0
2024,GB1,405,Aston Villa,24,13,6,5,37,28,45,9,6,premier-league,premier-league,England,208200000.0
2024,GB1,1148,Brentford,30,12,7,11,55,49,43,6,7,premier-league,premier-league,England,85900000.0
2024,GB1,703,Nottingham Forest,26,12,7,7,36,33,43,3,8,premier-league,premier-league,England,105500000.0
2024,GB1,762,Newcastle United,26,12,5,9,42,31,41,11,9,premier-league,premier-league,England,68200000.0
2024,GB1,29,Everton,28,10,10,8,33,31,40,2,10,premier-league,premier-league,England,48200000.0
2024,GB1,989,Bournemouth,25,10,7,8,41,31,37,10,11,premier-league,premier-league,England,131500000.0
2024,GB1,931,Fulham,25,10,7,8,37,36,37,1,12,premier-league,premier-league,England,91550000.0
2024,GB1,873,Crystal Palace,28,8,11,9,35,38,35,-3,13,premier-league,premier-league,England,91900000.0
2024,GB1,379,West Ham,25,9,7,9,35,40,34,-5,14,premier-league,premier-league,England,144400000.0
2024,GB1,985,Manchester United,26,8,7,11,31,34,31,-3,15,premier-league,premier-league,England,246300000.0
2024,GB1,148,Tottenham,23,8,1,14,46,40,25,6,16,premier-league,premier-league,England,175350000.0
2024,GB1,1003,Leicester City,28,6,7,15,31,57,25,-26,17,premier-league,premier-league,England,91050000.0
2024,GB1,543,Wolves,25,5,4,16,32,54,19,-22,18,premier-league,premier-league,England,113900000.0
2024,GB1,677,Ipswich Town,25,2,7,16,23,57,13,-34,19,premier-league,premier-league,England,138090000.0
2024,GB1,180,Southampton FC,29,1,5,23,18,64,8,-46,20,premier-league,premier-league,England,123050000.0
2024,IT1,46,Inter Milan,18,13,3,2,35,14,42,21,1,serie-a,serie-a,Italy,75950000.0
2024,IT1,6195,Napoli,17,10,5,2,25,12,35,13,2,serie-a,serie-a,Italy,152950000.0
2024,IT1,506,Juventus,19,8,9,2,27,21,33,6,3,serie-a,serie-a,Italy,164300000.0
2024,IT1,5,AC Milan,19,9,5,5,28,20,32,8,4,serie-a,serie-a,Italy,117150000.0
2024,IT1,398,Lazio,18,9,4,5,32,17,31,15,5,serie-a,serie-a,Italy,55470000.0
2024,IT1,430,Fiorentina,17,9,3,5,27,20,30,7,6,serie-a,serie-a,Italy,51200000.0
2024,IT1,1025,Bologna,17,8,6,3,27,20,30,7,7,serie-a,serie-a,Italy,54830000.0
2024,IT1,1390,Cagliari,25,7,6,12,30,37,27,-7,8,serie-a,serie-a,Italy,11260000.0
2024,IT1,800,Atalanta,15,7,5,3,24,11,26,13,9,serie-a,serie-a,Italy,99500000.0
2024,IT1,12,AS Roma,16,7,4,5,20,19,25,1,10,serie-a,serie-a,Italy,126470000.0
2024,IT1,1047,Como,18,6,5,7,23,24,23,-1,11,serie-a,serie-a,Italy,98070000.0
2024,IT1,410,Udinese,19,6,5,8,24,29,23,-5,12,serie-a,serie-a,Italy,23950000.0
2024,IT1,252,Genoa,18,5,6,7,16,20,21,-4,13,serie-a,serie-a,Italy,32650000.0
2024,IT1,276,Hellas Verona,17,6,3,8,16,27,21,-11,14,serie-a,serie-a,Italy,15450000.0
2024,IT1,130,Parma,19,5,5,9,22,27,20,-5,15,serie-a,serie-a,Italy,49200000.0
2024,IT1,1005,Lecce,13,5,4,4,12,15,19,-3,16,serie-a,serie-a,Italy,12700000.0
2024,IT1,416,Torino,17,3,9,5,17,19,18,-2,17,serie-a,serie-a,Italy,40130000.0
2024,IT1,607,Venezia,18,1,7,10,14,26,10,-12,18,serie-a,serie-a,Italy,12500000.0
2024,IT1,749,Empoli,20,1,7,12,12,34,10,-22,19,serie-a,serie-a,Italy,0.0
2024,IT1,2919,Monza,18,1,5,12,16,35,8,-19,20,serie-a,serie-a,Italy,12675000.0
2024,L1,27,Bayern Munich,20,15,4,1,62,22,49,40,1,bundesliga,bundesliga,Germany,149000000.0
2024,L1,15,Bayer Leverkusen,19,11,6,2,47,30,39,17,2,bundesliga,bundesliga,Germany,53000000.0
2024,L1,16,Borussia Dortmund BVB,20,12,2,6,47,33,38,14,3,bundesliga,bundesliga,Germany,81000000.0
2024,L1,86,Werder Bremen,20,11,5,4,36,27,38,9,4,bundesliga,bundesliga,Germany,6825000.0
2024,L1,24,Eintracht Frankfurt,20,11,3,6,36,24,36,12,5,bundesliga,bundesliga,Germany,91850000.0
2024,L1,23826,RB Leipzig,21,10,6,5,31,25,36,6,6,bundesliga,bundesliga,Germany,116500000.0
2024,L1,60,SC Freiburg,19,10,3,6,31,32,33,-1,7,bundesliga,bundesliga,Germany,18800000.0
2024,L1,89,Union Berlin,21,8,7,6,24,26,31,-2,8,bundesliga,bundesliga,Germany,16800000.0
2024,L1,79,VfB Stuttgart,18,8,4,6,40,31,28,9,9,bundesliga,bundesliga,Germany,92400000.0
2024,L1,39,Mainz 05,21,6,8,7,35,36,26,-1,10,bundesliga,bundesliga,Germany,8800000.0
2024,L1,18,Borussia Mönchengladbach,21,7,3,11,36,38,24,-2,11,bundesliga,bundesliga,Germany,8000000.0
2024,L1,269,Holstein Kiel,27,6,5,16,42,63,23,-21,12,bundesliga,bundesliga,Germany,9000000.0
2024,L1,82,VfL Wolfsburg,21,6,4,11,30,38,22,-8,13,bundesliga,bundesliga,Germany,40750000.0
2024,L1,2036,Heidenheim,19,7,1,11,24,32,22,-8,14,bundesliga,bundesliga,Germany,8050000.0
2024,L1,167,FC Augsburg,19,5,4,10,20,40,19,-20,15,bundesliga,bundesliga,Germany,14900000.0
2024,L1,35,St. Pauli,20,3,7,10,16,27,16,-11,16,bundesliga,bundesliga,Germany,1150000.0
2024,L1,533,Hoffenheim,17,3,4,10,25,38,13,-13,17,bundesliga,bundesliga,Germany,79500000.0
2024,L1,80,VfL Bochum,21,3,4,14,20,40,13,-20,18,bundesliga,bundesliga,Germany,400000.0
